Tacoma Regular Cab;70464717489032947;69404;191;2.505804933985762;2006;7;231;130
MX-5 Miata;09273101728876032;120047;279;2.4663093833448184;2016;6;214;64
Verano;54407548071278656;117039;211;3.117025347875162;2002;4;369;77
LR3;33089732625318773;86075;220;4.960690281060198;2015;4;11;141
SL-Class;12315935507895483;114772;215;2.7919950881034254;2003;5;239;1
MDX;45814672584864400;84695;184;1.4487149403069517;2014;6;227;173
M5;87987766694089032;79917;257;4.964190397744254;2010;7;195;13
X3;27841497526683637;108800;287;4.417344029943959;2005;6;311;62
DeVille;46151253970892333;249187;183;4.5569641815184525;2001;6;22;79
Grand Marquis;24542113932347209;223306;277;4.5060334106077935;2011;6;155;98
1 Series;11544640510482003;25777;274;4.642808405055414;2008;6;317;126
New Beetle;08061943940414131;103842;212;1.2265147055384253;2004;6;365;114
5 Series;23171220263720504;158964;258;2.685879490713336;2009;6;7;106
Rodeo;74032901902015159;190394;182;4.731525771572441;2009;7;340;63
V90;67941180401725202;67168;275;2.751134148164435;2004;7;4;64
Passport;72776300425142332;30237;279;3.17483089665614;2018;7;328;36
Prizm;65675400750843531;121939;200;2.7352294508619126;2003;5;41;121
Grand Prix;47441912147170225;193569;277;2.3369287748021925;2018;6;387;58
Mercedes-AMG GLC;01241004853615280;235821;254;2.2420877734700606;2015;5;274;71
CLK-Class;26134710264306424;85685;214;3.1514065587983917;2007;5;393;82
F250 Super Duty Super Cab;35760061388181444;93941;257;2.1098900377969203;2008;4;78;91
3-Sep;88674142394807088;65076;224;4.630921112779289;2010;7;182;179
1500 Crew Cab;48472007939645672;228812;257;1.0244511580979148;2001;6;127;163
626;78268316498143761;208614;249;1.1203548060289368;2001;6;31;32
Express 3500 Passenger;04629341308860292;92200;282;3.785865269307608;2015;4;16;116
Astro Cargo;02286810921514445;227977;238;3.7630056712558093;2000;4;344;38
X5;43107805930185260;249989;259;3.8494832417377713;2005;7;224;30
Grand Caravan Cargo;21373193819733210;174726;241;4.271757833474686;2001;4;353;64
2500 Regular Cab;64590535142288271;110215;235;4.922615933514269;2008;7;135;121
Highlander;76793037759139467;37756;200;2.8115906478271286;2001;6;42;144
Impala;49674198877275068;60127;225;1.100370209607148;2014;7;98;54
Matrix;50487526023327457;128029;196;3.86761339163573;2010;6;63;89
Mountaineer;90631078674441127;214163;279;2.078301630288976;2007;6;169;19
Ram Van B150;96650246871150885;84969;277;1.895603805424349;2013;7;276;13
Legend;78225468593622255;28537;226;1.4281031710950192;2016;5;342;15
Montana;75416713692659610;218183;210;4.349893834426661;2017;6;335;182
GTI;14364026811287947;91409;274;4.300841119141932;2004;4;76;101
Regal;73151443474847487;240292;180;4.280047041830807;2017;4;131;38
Traverse;43757950252225309;116403;276;3.1607624660078226;2017;4;227;120
Sidekick;08583495310872089;184244;252;2.5852548362336134;2015;6;225;188
R8;83629751689097895;125493;240;2.7317141394043274;2009;6;5;41
Corvette;54813298088077556;49703;180;4.2238851398265895;2001;4;142;13
Park Avenue;72540633369770689;242396;246;1.6865602054477167;2009;6;303;81
Venza;30531997165088968;64243;246;2.657499715869291;2012;4;282;94
S4;49630905750382251;220644;254;1.9053651909413767;2015;5;325;49
Range Rover;40638818985368165;190313;225;3.1028301324449146;2012;4;14;180
Passat;62715990222974058;165977;251;3.7591726690320777;2006;5;186;110
LeBaron;09111833573941427;241274;286;2.9660638547077154;2005;4;341;179
Mariner;02541547642238284;187002;278;3.8423705441577956;2003;7;23;32
Sierra 1500 Regular Cab;49468528735679244;47588;205;3.989691029170511;2007;6;163;181
C70;23309767782501938;132195;279;1.454310276057941;2010;7;6;73
Enclave;46103784874624184;220429;286;2.9831619133636225;2001;7;357;104
3500 Club Coupe;55506308194995200;175212;230;2.2252955003476975;2003;5;29;138
SX4;74204520194252109;42945;200;4.9880320991185645;2000;6;168;125
Dakota Crew Cab;02393526909273117;205973;208;2.482611342523821;2000;4;97;71
MDX;67100578691512838;179791;266;1.4739993585368607;2009;5;68;84
Alpina B7;05618902727767829;29977;194;4.372909153730477;2001;7;322;76
Dakota Regular Cab;39100614723815661;188951;288;3.5825035572797566;2009;5;399;78
3500 Mega Cab;60474460486243348;134861;274;1.0208505200662108;2014;4;45;139
Tundra CrewMax;18709847650323656;96205;224;4.074484313894253;2000;6;377;175
Navigator L;78975763749943548;201296;240;2.9611411455258074;2012;6;313;150
Sonata;27999997381789379;101790;250;4.516149612174219;2008;6;290;76
Tucson;64422610050171057;200229;209;4.1201093965041515;2013;7;266;133
Ghost;75220698183290061;155342;181;1.6784245844222956;2009;7;258;100
Expedition MAX;03435766283416785;63054;267;4.4829056145204715;2015;5;254;34
Caravan Cargo;04925445151877781;100757;288;4.304342600970143;2016;5;30;52
Dart;70448311438740620;27650;190;2.073516514603595;2001;4;328;94
Veloster;71625963659599472;163863;191;1.2354259840885904;2007;6;32;140
L-Series;71648460809662339;210704;250;1.2127571342780015;2018;7;174;87
Town Car;90266164998876032;201376;188;3.082902910352096;2017;6;2;199
Sonata;71645836706824297;93776;195;3.822012011893503;2002;7;44;114
Sierra 1500 Double Cab;00103080841430357;213271;234;2.180458731190001;2008;6;125;183
Mirai;94758402552696236;49115;248;3.920554737404543;2011;7;10;96
Silverado 3500 HD Crew Cab;54329947280412374;97545;194;2.717722788604133;2000;6;315;40
Xterra;22028361669721156;225205;193;1.6187072123580486;2000;5;220;104
F150 Regular Cab;19228148081989282;217190;260;1.0007277212248935;2001;5;139;97
3500 Extended Cab;30045864979793849;239266;217;4.336041124479452;2005;4;97;75
Elantra;97980023682951771;204884;276;3.9536232787219303;2004;5;251;102
Frontier King Cab;76714530233567822;121020;247;4.655793564095299;2012;4;189;80
Mustang;00807782788575323;65431;259;4.20143220088061;2010;7;252;91
Concorde;63049548971879352;177139;231;2.7031334853894666;2009;5;49;184
Town & Country;80034145487947960;140833;249;3.2228224520580495;2010;4;324;52
Rio;58413767421204515;66760;250;2.6359979128785396;2009;5;256;178
500c;67336278850540874;219968;250;3.7448606300650646;2002;7;306;54
SLR McLaren;12910183979203498;31767;281;4.8992299822491665;2005;6;348;39
F150 Super Cab;11457427094148943;124399;194;3.9232150936567054;2002;5;369;82
Carrera GT;60216545755925158;248394;234;3.831204789612788;2003;4;115;142
GLC;51077672516847125;160167;287;1.9856625637869132;2010;5;288;199
CR-V;95407052979606114;88748;196;2.5187808446192443;2007;4;255;77
CTS;77655860376915145;224072;199;4.850002818087599;2014;4;233;80
Tucson;87419557926269342;11908;266;3.8689157994862655;2003;6;13;106
Ioniq Plug-in Hybrid;91765023147147868;74408;256;3.5436716063699807;2010;7;392;86
R8;92654891237382668;122659;210;1.3519524098945395;2016;5;170;34
Escalade ESV;53158159140173895;246781;236;4.806382750142092;2008;4;100;187
Sportage;00135180725037762;157498;223;3.1699736003128445;2010;5;374;189
6 Series;83315545883427019;23110;207;3.4560899763251585;2001;4;372;189
Ranger Regular Cab;45739664932915260;94837;277;3.1946401238264337;2007;7;195;123
Silverado 2500 HD Crew Cab;80870837135656894;117345;180;4.646278575185251;2013;7;194;69
Focus;94199300035862636;128078;233;4.898247147100576;2015;4;195;11
Raider Double Cab;39114745651009829;221923;203;3.913297623243014;2017;6;95;163
Sentra;97194167390492486;109466;252;3.6519371272501693;2003;4;352;164
Sonoma Club Coupe Cab;98279793924182344;61900;274;4.925625350017518;2005;4;380;75
Sierra 2500 HD Crew Cab;74858944217691128;132262;201;3.7271210280467244;2001;4;331;92
850;60722797888674376;119164;245;3.0387517039336145;2009;5;266;1
Equator Extended Cab;57764459481447023;27495;221;1.782782579562125;2011;6;353;43
Camry;70431959376602921;140166;230;1.248566533578694;2008;4;42;179
Hardtop 2 Door;44598221008489080;29095;271;3.3531688206166583;2002;6;16;154
DB9;46878000986852277;103590;280;1.333227430520893;2006;5;216;41
GS;54487687145026605;161875;270;1.9118496016160553;2015;7;347;20
Savana 3500 Cargo;63715857835256270;233658;217;1.834623251133774;2001;4;58;96
X5;66168683548840898;146189;209;3.618156926548979;2011;5;114;42
Taurus;33563325980280853;177160;272;1.2845140590236737;2012;7;221;5
Yukon;43710363784733231;161673;234;2.753408633321731;2015;4;241;81
Patriot;98786022882766350;144236;258;1.717030907796671;2018;5;134;135
MKT;14411544945229340;197995;275;1.796818770695669;2012;5;391;59
LR4;52512261156128572;42176;236;2.5103668937868524;2013;6;366;18
Civic;11780006730196756;124795;199;4.8488301055714444;2008;5;67;10
Bentayga;55112915625512531;218130;268;2.437426994983648;2016;5;85;161
IS;47153419048420340;26711;205;1.881845094499667;2008;4;218;113
3-Sep;69895947397192421;89887;240;1.8778136351985846;2007;7;93;158
IS;35806872027086522;177179;264;2.354271902491438;2011;7;346;54
XC90;27901331723722952;16429;230;1.4024914298935496;2013;6;194;35
Land Cruiser;00112539194482404;223580;244;1.4839934941945443;2001;6;155;25
M-Class;97575272141210564;129934;210;3.459051564182556;2000;4;346;186
Avalon;99253139503173501;148512;199;1.1601920205235898;2011;4;298;178
Galant;81379948842288507;52682;247;2.6694132721534674;2007;4;51;173
Compass;58134347236516717;161036;194;1.8074078099820357;2008;5;162;185
Terrain;21640172723365258;88750;255;3.490488280554551;2016;6;63;19
A4;78650417146065321;14835;225;1.6713442878462668;2008;6;183;101
Spacecab;81437625052593270;75279;266;1.4106562962813607;2015;7;67;172
SC;13602198321079949;249377;195;2.8297227726818965;2003;7;319;116
Dakota Club Cab;84956174324578773;199545;188;2.1225673831872256;2007;4;106;62
Neon;08806570909298116;148152;201;2.2550908132332603;2000;7;139;90
CX-9;49018126521681392;84200;228;3.3094259432843227;2013;6;6;194
S5;08445392749901353;242152;278;4.7815688261412035;2002;6;26;29
G;29370470294333953;21201;209;3.738450194569825;2008;7;132;103
Mark VIII;58206775839181404;131978;252;4.929496928708135;2009;7;206;74
Catera;07285115401327508;15832;208;4.965646981991542;2018;6;133;171
Sierra (Classic) 2500 Crew Cab;45843302605104381;107139;201;3.434828243745808;2011;7;53;181
Sierra 2500 HD Regular Cab;09905921656158628;237119;273;2.5006805873402604;2014;5;168;8
Tiguan;90329515687587868;57329;249;2.6855236496240313;2006;7;185;89
MKC;66696873969531128;53093;284;4.193213217526017;2012;6;182;27
Legacy;42128274458547012;48158;221;3.2112306880330554;2017;5;56;85
G80;53988542088229853;20841;186;1.8352691002549308;2010;6;377;164
Spark;69213754294026128;166069;271;3.0415396241622203;2013;6;21;155
TSX;31235574541883344;220413;213;2.506612679400568;2009;6;322;162
Spider;50431714435092100;146035;287;4.278613019384226;2014;7;37;6
G80;26210655381823103;66298;256;3.3667463381649276;2008;5;215;97
Soul EV;11216821951250235;55601;274;2.267439597445419;2012;5;236;73
Cavalier;40040123812047679;67376;208;1.4203119758870022;2003;4;372;59
Sonata Plug-in Hybrid;74164728230180265;244260;249;1.1146580938781394;2015;5;127;160
G;97007412545152395;202983;278;1.0677772049952492;2018;5;61;2
MKX;22399659168254892;60829;203;3.046058241418889;2017;6;302;113
Maxima;65006762849723107;173051;285;2.0264675836309736;2006;6;29;169
Colorado Extended Cab;51957936213382810;158878;250;3.5166521544563456;2007;6;309;45
MPV;79232999667972486;126076;186;4.212549209860164;2017;4;248;120
Stelvio;31724145171961007;94588;287;3.712594958786363;2000;5;238;115
Escort;71599338444425564;62533;275;2.8261618973700062;2006;5;378;68
Grand Caravan Passenger;74484699306791911;187771;188;1.5789470680214133;2005;5;331;39
Mustang;46068261742759505;228953;245;2.628391018200803;2009;7;193;75
Viper;62807306491455448;84762;230;1.4204722827143423;2010;6;299;179
4Runner;77589740348232619;222015;266;2.936763677800371;2005;6;132;174
MKZ;45026734290498421;96295;181;1.1541647617970616;2012;7;59;76
Charger;28375294680811473;191153;190;1.8533028609119677;2010;5;114;132
Mighty Max Regular Cab;82067324173874404;225962;204;2.019765278554918;2015;7;74;135
Continental;36456630343399301;78648;243;4.071404347047254;2011;4;209;159
GLC Coupe;86942299425515348;119535;194;4.522769256019092;2008;7;310;45
Levante;01966811884610032;32891;206;2.4849779958775673;2002;5;248;149
Bentayga;92945450927252681;109443;237;2.392110928262125;2002;7;156;31
Sedona;92062292210474917;161532;187;4.194822533896051;2011;4;296;29
Silverado 3500 HD Double Cab;42880428070031758;22249;182;4.730145751650163;2011;7;105;67
Q60;78944629777580692;31085;251;2.9821958217519464;2002;4;21;190
Routan;17215621326229669;51163;251;3.122193115861529;2010;6;289;197
Tacoma Double Cab;69344755906843257;139787;268;3.3659055391420947;2016;5;52;190
911;01008267808374252;11181;203;2.543188673241891;2007;7;63;109
300;44884307650359948;192063;187;4.152560936916126;2010;5;222;28
F150 Regular Cab;29849764124006545;177585;279;1.779333892411393;2017;7;134;196
Charger;56469150117533076;138754;279;1.8507723096131423;2012;6;305;37
Santa Fe Sport;20925051207321513;113048;202;4.563390302404242;2010;6;295;188
Neon;37443114651413281;239479;287;4.641301819955835;2005;4;268;148
X3;27293268005770440;12949;252;4.358626569698618;2014;7;124;149
488 GTB;57248375978864710;66394;227;1.630843662582218;2015;7;88;113
M5;12573050742331957;236073;250;1.5487791441335732;2010;5;37;121
Accord;51906757761321255;129427;224;2.173452017492119;2011;7;4;4
Neon;75418355540041092;206499;274;2.129580210300214;2001;4;276;103
Ram 2500 Quad Cab;43863778964380656;133460;290;3.1499110932884853;2001;6;191;149
Previa;05744482347125109;137041;212;2.369217858697185;2009;6;60;182
Wrangler;03793947738178123;31703;190;1.7035989701665284;2003;4;288;58
Ranger SuperCab;50912367491675305;152137;268;4.598517839626032;2010;6;198;176
A7;61338504878418579;14772;197;2.755090774980064;2012;5;261;184
Fusion Energi;47212843964331802;100938;226;3.262201950592197;2016;6;277;110
Tiburon;00532946391651027;142579;270;3.2133590163533894;2016;6;337;12
Sprinter 3500 Cargo;04553788885740699;225338;225;4.897756190706906;2002;6;131;74
Optima Plug-in Hybrid;40874157093443343;95337;252;3.056136884497347;2009;6;183;70
Intrepid;70592400389572504;26683;280;2.6705694227098133;2015;7;118;55
Santa Fe Sport;30036771613878089;46369;209;3.7083600682877047;2015;6;180;78
Silverado 2500 HD Crew Cab;27449346404745760;40337;193;2.2619428308929845;2014;7;35;79
Tacoma Double Cab;13331777066268364;96226;276;2.386073297497837;2018;4;257;25
Neon;69744392163673023;11722;223;4.046512058188924;2012;6;376;143
Sentra;50536771122627698;30966;268;3.7491410122077986;2007;5;247;28
Rabbit;36331323141458768;103582;188;3.6497521498294674;2015;7;329;114
Beretta;87806053478656472;97842;262;4.587144729667321;2017;7;75;7
Sunfire;50982530763933414;173033;245;3.526488521792511;2014;5;245;173
V50;11755035123169808;95949;181;2.4221625812669076;2016;5;195;195
Mirage;96816524354282447;91027;200;2.7162969153145995;2005;4;141;34
G-Series 3500;15547233802539297;246055;190;3.2180175463923333;2013;7;377;27
Malibu;16257301529874049;95642;235;1.6568990269321504;2006;4;205;178
E-Class;21435398849724443;73713;214;4.257530124069305;2011;5;283;3
Econoline E250 Cargo;33234708641035808;176105;261;3.811292804787524;2007;5;311;105
Charade;02360859688704287;41954;278;3.1645480539663127;2003;7;112;166
3500 Crew Cab;57336433183254072;124377;260;4.380700446063661;2016;7;360;21
Caravan Cargo;52112704707570687;219030;286;1.7106453807184172;2013;7;240;40
Yukon;33048296904264696;104201;258;2.2483665212167816;2006;7;332;76
i-370 Extended Cab;24372222212730100;190837;198;1.3641564085698161;2000;7;239;109
98;02193379349764468;51035;266;4.31246378029083;2015;5;67;98
Civic;45198826907807459;56645;181;2.755021253051891;2002;4;6;40
Prius;08932700544965906;199998;186;3.749421787198065;2002;5;394;77
Spectra;85172665464187215;151268;253;2.285467286413909;2011;6;19;67
1500 Crew Cab;47599874665185241;72646;183;1.646004525032068;2008;4;371;50
Ram 2500 Quad Cab;85107134291320444;158199;242;4.572218429402909;2001;5;188;175
Neon;93309222505583573;12282;192;3.9621626331241524;2000;6;262;144
Canyon Extended Cab;69565140227040363;69589;195;4.554037194739514;2008;6;98;78
Cruze;01467439338409559;108393;254;4.292357636241343;2007;4;109;40
Envoy;38273654360592776;112826;217;3.785980833626521;2010;6;379;179
Metris Passenger;49800322639449650;94612;226;3.1202727911452843;2015;6;159;193
Challenger;03454004923287190;116459;257;1.0100991990754045;2008;7;103;155
F250 Super Duty Crew Cab;10893748229645331;193917;205;4.50286928545887;2008;4;139;70
Sierra 2500 HD Regular Cab;39459504047983089;94201;207;3.3956304836707045;2009;4;218;22
Town & Country;81166632028571683;15216;187;3.290283875425371;2011;4;181;37
Sprinter 2500 Cargo;37657583985361162;60682;275;4.81528306935352;2012;4;13;184
Astro Cargo;92635790046006532;108524;257;1.764384892146594;2010;5;160;107
Pathfinder;86517227557795619;233347;246;1.094204705750697;2007;4;97;60
Pacifica;13255908216514962;245888;200;3.648957397873275;2005;5;82;107
APV Cargo;40918885078044138;143027;286;1.0786645515194864;2000;7;3;58
Tacoma Double Cab;15046918877470038;197385;190;4.369966142276896;2008;7;277;197
Rio;80589455402516448;217245;182;3.149410860224022;2002;7;245;103
MAZDA5;09276792817381368;87098;265;1.2199392923650398;2015;7;200;115
Seville;74650603284196936;241321;245;2.6676791828977775;2012;4;367;125
F250 Super Duty Regular Cab;38211324566865574;15020;266;2.4105303923103705;2000;7;333;74
1500 Extended Cab;79560202692562213;227605;287;4.342356792877123;2013;7;79;20
I;06953482468795345;32745;287;3.8976067186198318;2018;4;24;43
Cutlass Ciera;46891366229733576;97269;257;3.0561786180051578;2016;4;125;181
S40;62512667733541718;153319;216;1.9940994090421893;2010;5;137;86
3000GT;37054373186189159;231529;251;1.8436710708725776;2010;5;349;198
Sierra 1500 Extended Cab;18929078172502942;73662;258;1.9956159123348116;2018;5;177;198
Ram 3500 Regular Cab;30981526829606418;171545;282;2.337102985602211;2010;4;117;28
Tundra CrewMax;81698194249170611;88196;217;3.1547736297773925;2004;6;43;18
Prius Plug-in Hybrid;49867606806567955;192530;213;3.3814089987993103;2012;6;287;33
Tracer;11106353607193423;179750;251;2.340877481781466;2014;6;349;109
RAV4;99334335432071120;24701;271;1.5028834799972928;2012;4;201;196
Mercedes-AMG E-Class;53083078089664869;92263;183;3.5327800608657256;2013;4;51;51
Sentra;51829343058060312;204148;224;4.108034145372418;2014;6;14;170
Soul;17626449820460282;241754;185;2.3866934145005847;2004;6;300;119
Savana 3500 Cargo;74329285086886108;99394;271;4.560348541489935;2010;7;312;116
Q60;25432099493402845;103272;270;3.8401759137406977;2004;5;25;80
LaCrosse;03772621633861289;176866;271;4.777819391522419;2003;6;392;175
GranSport;75323131818049118;32046;197;4.10861292616626;2016;6;309;77
Phaeton;43122928873450061;118153;218;2.332699226886351;2011;7;191;91
Outback;91666708199698979;226941;248;4.540567118172415;2010;7;169;76
QX;20031900559871854;163595;213;2.7914758748852693;2018;4;361;125
Q5;45120688442059496;183759;272;1.125638575190382;2005;6;350;67
Venture Passenger;06116355543736769;187218;242;3.8975059524086073;2017;7;26;194
S8;41141858279594527;224805;231;3.7921309465765143;2016;4;8;26
Trooper;77471525803582594;200018;243;3.5577657824776514;2015;6;82;11
Monte Carlo;24884326365331549;212307;214;3.4524605718571784;2010;5;347;84
Avenger;03186994829689659;80028;208;4.1349090991168325;2016;7;161;93
Silverado (Classic) 1500 Extended Cab;71732666982777949;104127;284;3.3336199092885375;2007;4;9;45
Hombre Spacecab;47839834494651741;161082;258;2.5988266736937073;2009;6;8;125
Crosstrek;29611357671921378;11782;216;4.657693369611585;2015;7;374;104
Aurora;01704352595478192;109053;236;3.1423517025540804;2014;7;205;159
Silverado 1500 Regular Cab;71357348129692932;102282;277;1.0624214712482427;2007;4;168;134
3500 HD Regular Cab;53345377951394430;233626;221;1.762529847179811;2013;7;209;122
Celica;49869260801330461;69054;200;1.3276654943228552;2004;4;362;178
Malibu;06922542911495340;149246;236;3.7102708346355486;2017;4;254;20
Sierra (Classic) 1500 Regular Cab;47924118327798265;37120;250;2.891709186870055;2010;6;382;89
Transit 150 Van;82516074840962111;29081;198;2.8299094770258058;2017;5;165;193
QX;53600975328617878;47415;205;1.9226786811840055;2000;5;115;92
CX-9;62614576085457982;193217;191;2.127643822823849;2014;4;338;128
Justy;19294998724813352;227437;219;4.612882410514903;2010;6;10;16
Transit Connect Cargo;90798528135968570;70501;198;1.5204288594655195;2004;7;150;97
Escape;88892696205142970;221954;180;1.1083378502863432;2008;7;315;86
Windstar Cargo;88920993476329510;75803;290;1.8335070020973965;2010;7;178;47
Tahoe;92500914001657314;245754;284;2.0143866864019966;2014;5;47;85
SC;67158728286140901;175072;239;2.3351053005888445;2003;5;352;10
Millenia;29901711829211182;165700;215;2.7091130069580074;2007;5;15;56
Sebring;77692258013557518;97257;209;4.629762505353238;2015;5;351;137
626;54794535775023459;207970;274;4.698795890347956;2004;6;303;112
Sonoma Crew Cab;25862607052829257;223526;242;1.2998542239073263;2009;4;328;119
ES;83713777209112698;16264;231;3.001457585589583;2013;4;137;128
MAZDA3;91890131475605047;123489;192;2.1319335079273287;2007;5;269;182
F250 Super Duty Regular Cab;15475283742313465;200187;252;1.5648344161937287;2014;6;219;68
Pathfinder;19317783018464595;190112;247;4.686257791098665;2005;4;349;75
Murano;20842388063614216;182950;256;4.7625533252203915;2009;7;40;28
Pathfinder;50891025610665846;119867;221;2.965893277803886;2015;7;2;119
Xterra;70417238367010745;47383;203;2.519194133750687;2006;4;165;2
Tacoma Xtracab;74498746637261731;85535;273;4.248986800989977;2018;6;375;21
Savana 3500 Cargo;44057751381241470;234886;208;1.5190972810109904;2013;7;377;107
Riviera;06528129287488712;74593;198;1.6454933101928928;2014;5;12;52
Eurovan;47499580800342323;162141;273;2.4563956755548144;2010;5;197;142
X-Type;11983583084498446;12539;252;4.252396333976661;2010;5;374;146
Fusion;32143150376091131;241380;247;2.7598179704160626;2018;5;15;41
Elise;34441688409126948;195618;224;4.412666554427885;2003;5;358;138
G-Class;61342747665090755;150052;254;3.696055462814763;2004;6;349;134
Terrain;94574510267288323;198834;257;2.4355574410252867;2000;5;100;189
Sierra 3500 HD Extended Cab;94123783234049883;246527;221;2.4905427133375917;2011;4;30;166
Metris WORKER Cargo;42248258252393507;218000;275;2.816073159800084;2007;4;273;159
Ram 1500 Regular Cab;51197718762124598;123573;233;4.830053627562654;2002;5;386;84
F150 Regular Cab;54962041831752173;216783;283;2.216750032139498;2001;7;58;85
Sienna;35830121720971870;38585;201;3.852534083198571;2002;6;286;196
Skylark;19697386070613375;224438;192;2.2782041944373916;2007;6;98;2
Avalon;75798967489994166;15503;187;4.465677834081939;2014;7;371;192
Torrent;20182997008174503;115933;243;4.850313532758838;2012;4;394;4
Town & Country;47484622655243187;61470;208;3.4038970605571426;2002;4;329;78
H1;58149226330337147;108497;286;4.872839737434039;2012;7;21;115
DBS;83405367274763785;150236;222;1.8057319456607517;2010;5;116;64
100;95387026851047653;51948;198;3.1229147517489544;2014;4;34;103
F250 Super Duty Super Cab;26007718776656742;90666;239;1.307173991058645;2017;6;7;159
RAV4;95676581318820705;34900;238;2.059883767890659;2004;7;290;158
Avenger;46018219058430930;194299;218;3.4379278651384686;2017;5;320;40
Sonic;36147780252528269;186854;229;3.166730712807801;2002;7;301;167
Express 3500 Passenger;08619999618869115;56226;207;3.701221751253483;2014;7;265;69
Suburban 1500;33520374242767935;232396;273;1.6875949488863768;2000;6;81;167
S6;87341046982775593;238863;260;4.198896947710411;2001;7;250;109
Raider Extended Cab;83711879453222171;139815;276;2.3281147432925913;2010;5;346;182
Supra;79130479306941057;95631;258;2.4153688876623196;2005;4;257;170
Wrangler;86838238003476257;136440;241;4.961750169547694;2005;7;152;51
Mercedes-AMG G-Class;03664650539343832;213366;275;1.6574365317629431;2003;7;168;58
GranTurismo;48745791198371882;184760;237;4.007607749562066;2017;6;195;64
3-Sep;25914018339446496;224840;242;4.938552897195529;2007;5;128;3
Express 3500 Cargo;43305966762312464;53019;217;1.8142625567507835;2011;4;134;163
Versa;23734433946149009;219401;261;2.077645663101365;2016;6;45;124
Swift;49377655480002015;214937;188;4.568855430836317;2003;7;29;195
Yukon XL 1500;65131513361550280;104830;184;1.9465590647366775;2016;5;100;67
Challenger;31967621511593630;230300;207;3.9938700322620133;2014;4;184;104
Town Car;74918953118234379;143672;273;1.9029501914318563;2003;5;338;180
Catera;26164159655492296;40847;208;4.429957605613519;2016;6;373;23
3 Series;73164817383193231;85382;212;2.095446858869254;2016;7;1;31
HS;17338008339902156;115967;265;1.1087795149522712;2017;5;285;102
Traverse;92405582721040583;249379;272;2.901008780804749;2011;7;196;166
LeSabre;24545484764505129;181159;246;2.5678766460502858;2013;7;143;146
500c Abarth;66538458937999261;192542;213;1.5424836130475392;2017;7;138;148
Commander;82586470058187108;72110;199;4.0607692130068695;2000;6;211;106
GL-Class;02281585131827639;49230;276;3.3616099070371486;2014;7;298;18
300M;87635027408738164;238818;242;2.133650612006354;2004;4;230;193
Sienna;33764018073278979;248417;217;2.760440190231337;2017;6;322;96
Sequoia;45434697397941892;163369;264;3.62244641466318;2004;6;375;34
Summit;37882499618805604;100681;263;3.9477478209121424;2015;7;132;111
Tiburon;64320097785727344;67857;249;2.626608786936961;2004;4;341;128
Sienna;58718050607015396;183322;225;1.5959219310502202;2006;5;165;67
RAV4;28206602967188560;199584;255;4.581201280875591;2015;5;171;182
F350 Super Duty Regular Cab;87129709774106610;230789;278;2.974118461160951;2014;4;139;121
Taurus X;37975242048153679;120458;263;1.7130597174602409;2017;4;130;50
Savana 1500 Cargo;81579037754201694;208535;290;4.376617419320315;2003;5;78;36
500L;37710217637258378;165242;262;4.332868336361117;2002;5;57;181
Transit 150 Van;45673723279517648;87438;261;4.18820193319757;2014;5;396;25
ES;64055667393298270;200562;289;3.486017696142646;2002;6;244;38
Trooper;39281078669313853;26058;257;4.694030847321822;2004;6;75;34
Sierra 2500 HD Crew Cab;03328241961887263;126284;243;2.3503397192974;2003;7;65;133
TITAN XD Crew Cab;19000578999105317;63871;191;2.1287879835379435;2018;6;244;91
Stelvio;44474622444776276;179128;251;2.24484825613539;2013;6;140;84
RX;37125180287545646;206594;242;2.5370132864179245;2007;6;271;139
Ridgeline;83582466752002565;186002;212;1.52075329373459;2018;7;346;61
GLA;28476260019101843;96113;261;1.5904059509380053;2001;4;166;146
Mark VIII;73313261654148833;58569;264;4.6456572347078;2018;5;141;32
Levante;49762396859970570;157562;272;3.504446611098874;2005;7;61;33
i-MiEV;50323564693598251;241758;272;4.566413581230634;2016;7;178;133
Ram 1500 Quad Cab;93414233691935507;14870;281;2.5376679961363457;2005;5;307;82
XK;80738949447098227;125920;210;4.642261761689012;2007;4;62;76
Continental;85180914231635653;155573;184;4.2227144753027;2016;6;214;189
Suburban 2500;07996689564683061;247593;264;3.7521960395587546;2012;6;108;14
RX-7;94677526953265533;226674;281;2.1407678508202466;2011;6;83;151
MKC;58940852602672923;90745;239;1.9166678013824843;2016;7;228;84
CLS-Class;07850404189846782;176841;195;4.002352899987605;2003;6;156;74
Mercedes-AMG CLS;12383033359607593;159613;225;4.8688701953650035;2009;6;83;79
Express 3500 Passenger;13224314005191166;45306;218;1.8116634049575726;2015;5;53;90
CR-V;26573783521009973;229566;264;3.513173971988485;2008;4;393;62
King Cab;45794633018368369;133647;255;2.6570396725719263;2016;6;192;149
5 Series;19743193058032107;63642;204;2.878312907313515;2010;6;45;158
Sierra 1500 Regular Cab;17622177644495462;223641;201;3.372711290557795;2018;5;84;20
Raider Extended Cab;44717358497048200;205860;244;4.394322887349152;2000;7;271;162
S-Type;90039870877573743;201223;196;2.1289650468344217;2018;5;129;117
Armada;89303300779395087;31546;282;2.2096125245240685;2002;7;70;11
Convertible;82603663898947000;138878;284;1.2418804152136622;2003;7;180;18
Rendezvous;62982280287293985;153564;264;3.7607512474653237;2002;5;100;146
Thunderbird;12696776337547223;169319;250;2.1101037530246525;2014;5;336;197
S5;71344316851010308;55807;273;4.0159474716612955;2010;6;117;134
Caravan Cargo;45131288766880187;180703;189;4.173816628764428;2011;7;93;179
Tahoe;75820756229881223;162551;288;2.5420165651612057;2018;6;311;191
Sonoma Extended Cab;73654976761192727;100694;258;3.6500388032937567;2017;4;97;20
CTS;27977641236714192;155845;198;3.9255809423694834;2013;6;58;19
Marauder;54610245135792415;217734;231;1.9456398800676156;2002;5;62;158
XC60;28231532164415061;143826;201;3.110118496470016;2017;6;312;109
Mountaineer;21633006626563013;59313;223;3.4361962444535;2010;6;54;22
A3;21840643343080312;179230;248;2.0262730315198225;2005;6;247;142
3 Series;95674368142481348;97357;221;1.1198623421191645;2002;4;176;198
Journey;66117048665663612;93427;235;2.8875424638886957;2010;6;87;114
LS;91969860511408831;144240;274;3.4237319792459435;2004;6;320;151
Transit Connect Cargo;59976300205052560;246546;257;3.5112506952146596;2005;4;67;42
Blazer;79222684416019835;97334;245;3.521457367013722;2015;5;151;46
Caravan Passenger;20849105623292029;197411;213;2.0112812257605106;2000;5;11;25
Caliber;36537005613506200;118028;199;2.816306969518915;2006;7;165;4
Express 3500 Cargo;89770591089214120;79550;275;1.442096658420895;2001;4;165;129
A5 Sport;70530170246373058;165829;200;4.841706257166241;2011;6;64;121
SRX;81367547198177617;225150;282;2.324306392360029;2001;5;134;144
E350 Super Duty Cargo;47912641611587845;71047;212;1.495229896282058;2014;4;189;80
Quattroporte;77820028626717803;110848;222;2.075621482431473;2004;5;14;52
Santa Fe;78070500182604820;51290;254;2.269321224170687;2010;5;302;88
2500 HD Regular Cab;95128174139694107;196876;182;2.1321244905881613;2001;7;147;9
Tundra Access Cab;59368276576484275;13058;259;2.4749901541574872;2003;5;221;193
Expedition;56711017092060899;60803;212;4.4717928957693145;2008;5;59;149
Ram 2500 Quad Cab;04284037444877417;115345;260;3.2448720035994434;2006;6;112;41
500 Abarth;18945254642760318;126857;271;2.768448124168504;2012;4;31;62
Intrepid;64346395920043226;16355;259;3.0376385816249996;2016;6;314;142
V60;28055660722773006;154986;192;3.674993042690948;2017;7;247;171
Fiesta;88704758084106298;130785;288;3.9750748141746217;2008;6;235;171
Explorer;52001676082204281;117355;188;2.0592770320174214;2003;4;194;97
Acadia;46027377144025241;119497;250;3.848200898783637;2016;4;120;3
Golf GTI;07112829064069218;114795;260;4.372364673044535;2002;5;92;85
Navigator;90395454692625053;102643;191;2.050186630894064;2002;6;314;190
Grand Marquis;98190824670585312;224806;276;2.0595859562342915;2011;7;178;17
Ranger Super Cab;93237569159160800;57285;181;4.688534145832412;2003;4;346;174
Silverado 3500 HD Double Cab;68807532028278552;223922;243;2.4635513345839586;2001;6;302;75
NV2500 HD Cargo;52329346221118273;11253;189;2.7295165806172985;2015;5;282;188
QX80;22032851535742093;114830;282;3.074266466278178;2003;5;129;193
Q7;31903091806009299;149308;252;1.9051719173521153;2017;5;390;93
Crown Victoria;05899161985835194;221574;210;4.317213754800147;2016;5;153;66
S10 Extended Cab;03212342638438932;211852;253;4.5256386469792265;2014;5;331;188
Park Avenue;17161287049774498;232441;191;2.1257568116498473;2005;5;245;190
Charger;70089862232733364;20499;252;3.7778501988546;2018;6;18;131
Exige S;13781476847807015;14700;213;1.5044988116555107;2007;6;334;59
86;12588513345881510;198490;235;2.935090367398984;2011;6;67;28
Caprice Classic;40122853570802992;223842;276;4.275359342443432;2009;7;137;20
CL;51645637439155816;29496;261;4.97434774018933;2001;6;323;13
Veloster;80815886344459651;85504;218;4.927786892676529;2002;5;255;61
RLX Sport Hybrid;91696522730217593;77019;268;3.2173182438994905;2011;6;264;119
M-Class;13413675449683521;236991;239;2.984720821926583;2013;5;167;91
F250 Regular Cab;72239887993456949;92895;230;1.3192795395458714;2014;6;3;182
Montero;65900680802032155;82790;202;1.068794200829056;2014;4;286;105
RX;44752477258079103;118850;183;4.650857797332483;2017;7;70;62
3 Series;90667741942823095;159676;196;3.9929251702478354;2018;5;231;57
Sierra 2500 HD Extended Cab;22538195444111710;163834;244;1.3348647575738233;2008;7;131;93
Cutlass Ciera;54868937790147101;97952;198;4.640228169891936;2016;4;357;185
RAV4;90555231484251571;190758;228;2.5723346031231262;2008;6;377;32
Navigator;74947548657671298;132478;223;3.849574230361898;2007;5;9;169
Silhouette;47500873212326963;48967;222;1.2172504411193015;2010;7;120;155
2500 Regular Cab;65831584453075781;82720;280;4.5361459123832875;2005;4;320;5
Model X;58093770283866027;153715;249;2.3568636934616913;2013;7;22;163
Dakota Club Cab;21354152365250875;147541;247;2.5636355577016277;2008;6;159;18
S-Class;29263307182925333;100770;195;4.927440297197639;2005;5;118;87
Boxster;77534252270364971;120153;268;4.280235823708715;2007;5;211;22
Sportvan G20;70353253356757215;248103;223;1.8047499981522375;2006;6;80;170
Durango;49921713264523783;66601;251;4.710056343438849;2016;4;12;53
Prius v;02999917920307826;145616;195;3.2725515020971336;2005;7;197;146
Concorde;15871078852789464;128843;212;1.009358487026037;2000;4;235;186
Discovery;71940486881450561;75192;262;2.9007633030488247;2017;4;201;49
Camaro;62186609323822109;32555;284;2.8401469632919505;2005;6;318;55
Envoy XL;69578580774474707;16055;191;2.0119634157397623;2017;4;325;186
Savana 3500 Cargo;88152738687888399;177014;254;4.608101641102471;2014;6;359;32
Stinger;41903635645020234;45277;265;3.5212913270805974;2000;7;258;111
Sonata;90813652120969673;58135;232;3.4422159955062726;2014;4;317;159
Nubira;03104089197313098;22551;230;4.928728089144039;2008;4;190;119
Hardtop 2 Door;46248312818754618;58359;204;2.0750307052298105;2012;5;372;161
Sierra 1500 Crew Cab;99875867180707536;222154;267;3.750337999731312;2006;5;159;91
4Runner;56680352532176025;167813;249;2.3824348563026265;2005;7;68;150
LEAF;74071400952107961;248028;285;4.7824204340340035;2011;6;382;28
Colorado Regular Cab;99732065328414878;236159;220;2.5499685383838497;2017;4;44;186
Silverado 2500 HD Regular Cab;20199737848451343;63753;196;2.9944047001095093;2015;7;349;113
Ram 1500 Crew Cab;55795962485545216;14962;190;1.2391683223828225;2013;6;163;3
Sierra 3500 HD Extended Cab;47820793683379665;189678;184;3.3630283119053033;2006;4;191;102
X6;91026391146977223;178487;206;4.759991505108706;2011;6;400;41
Frontier Crew Cab;06718276187785950;90749;201;2.232887183609023;2005;5;254;120
Phaeton;10423217014995567;132196;255;3.154811302308863;2016;5;386;115
2500 Regular Cab;18478755495613201;151748;199;2.294497843931506;2006;7;204;33
Navigator L;56509019043247073;116416;232;4.68190686576132;2002;6;309;143
Discovery;45518564740972240;22635;209;2.02706741582544;2012;5;254;69
Suburban 1500;59887270900285664;107204;264;1.2497917830204632;2008;7;273;77
Tundra Double Cab;50785547841286375;21512;193;3.519256562934406;2010;6;142;103
Town Car;88185030965261966;189210;280;4.947779690374848;2006;6;221;140
Ram Wagon 2500;95074399860438768;82460;252;4.373690596497311;2016;5;364;9
5-Sep;40845842742142809;178013;271;3.685047145663926;2001;7;225;103
Sierra 1500 HD Crew Cab;65988957659156080;249063;252;4.676057660621673;2015;6;272;13
3500 Crew Cab;97582649289804096;196362;216;2.8147472246135647;2009;4;258;120
Venza;45623318508199428;188546;200;3.996018000258262;2002;7;309;118
Colorado Extended Cab;58187103482282038;36062;201;4.966907154408169;2001;4;123;43
Land Cruiser;75206446871000597;31814;271;4.958272009006411;2018;7;294;178
Bonneville;19760887712652993;30039;199;3.6522329539278773;2006;5;228;85
599 GTO;84370527720204523;84950;254;3.1796966428920395;2007;6;140;141
F350 Regular Cab;04375711519944807;107812;252;1.503114944309588;2003;7;234;94
MR2;01233500793128325;128984;262;4.942808111785382;2004;5;165;152
S6;26971502685827599;234374;257;1.4337254427918573;2004;7;308;27
Regal;48304019525466359;228362;234;1.617506163285097;2012;6;167;109
XTS;28760706385650197;46296;265;3.1674125741740626;2014;7;384;77
Regal;69712447621386657;44775;195;4.552880644605125;2016;7;7;181
Sonoma Regular Cab;69825248309162481;176053;228;1.022935443751865;2004;6;163;174
Sierra 1500 Regular Cab;71704311439852758;165986;278;4.13437439243614;2012;7;268;11
Expedition EL;15399489189242675;238432;208;3.8507943254619392;2001;7;332;82
Ram Wagon 3500;78526522373067450;108429;274;3.582115752621105;2014;4;221;72
Explorer Sport;66796889962172914;151617;232;3.19008711295099;2001;6;387;192
Range Rover;99074916942960466;244597;204;1.189721388530017;2006;6;93;75
Impala;37699204125398331;211146;285;3.798152069927599;2012;6;228;114
