174;96;100;3;4;95;727
200;157;568;4;2;80;429
189;90;54;3;2;80;271
83;82;577;2;2;92;937
124;155;342;3;4;92;452
115;79;841;4;4;98;381
194;149;774;3;4;98;500
173;22;849;3;2;80;200
164;29;822;3;2;92;780
73;124;252;2;4;95;859
45;138;981;4;4;98;47
21;141;242;4;2;95;27
28;38;679;2;2;95;199
122;71;151;2;4;92;301
21;125;244;2;2;80;10
196;21;680;2;4;95;340
179;107;1116;3;2;80;564
184;79;703;4;4;92;809
145;103;1093;3;4;98;225
196;44;580;4;4;98;325
161;153;506;3;4;98;538
152;73;431;3;4;92;763
92;55;322;4;4;80;146
197;119;111;2;4;92;51
97;32;450;3;2;95;652
120;71;709;2;2;98;853
51;61;778;4;4;98;379
178;30;195;3;4;92;68
45;40;527;4;4;92;478
114;153;1136;3;2;92;882
13;41;887;2;4;95;251
69;45;645;4;2;95;595
109;89;345;2;4;92;143
62;48;514;2;2;98;81
124;78;474;3;4;92;1001
66;32;535;2;4;98;600
70;135;1058;3;2;80;850
46;63;388;3;4;95;283
23;55;237;2;4;92;293
132;127;1094;4;2;92;438
111;63;927;3;4;95;347
198;36;520;3;2;92;522
124;154;1120;2;4;92;409
153;90;1178;2;2;98;211
195;44;852;2;4;80;150
196;75;81;3;2;92;519
33;74;375;2;4;98;648
11;151;1127;4;4;92;276
12;58;1138;4;2;98;249
200;97;433;2;4;92;143
100;35;532;3;2;80;528
15;66;846;3;4;98;18
18;127;768;4;4;95;231
108;87;368;4;2;92;843
36;29;469;3;4;95;990
123;51;269;4;4;98;946
49;108;788;3;2;98;384
189;45;306;3;2;92;312
74;151;609;4;2;92;733
75;72;323;4;4;80;90
157;138;958;2;4;92;40
30;45;831;2;4;95;393
106;95;829;3;2;95;515
131;135;522;4;2;80;760
173;95;1170;3;4;92;630
70;138;439;4;2;80;877
53;146;694;3;2;80;447
66;25;1081;4;4;80;970
44;73;166;3;4;98;296
154;35;600;4;2;92;629
183;136;772;3;2;80;309
20;42;431;2;2;98;950
25;145;517;3;2;98;910
180;113;182;2;2;80;711
169;109;215;2;4;98;8
41;144;904;3;4;95;100
125;73;1187;4;4;98;615
185;147;136;4;2;95;581
142;115;297;3;2;92;485
195;135;613;3;4;80;885
58;148;1180;4;4;98;805
189;74;890;4;2;95;189
186;94;664;2;4;92;227
19;148;896;3;4;92;104
17;91;278;2;2;95;89
194;26;591;4;2;98;828
14;98;1145;2;2;80;105
158;58;1090;4;2;80;352
95;66;1116;4;2;80;113
170;44;1001;2;4;92;974
197;73;940;3;2;95;433
156;92;74;3;2;98;138
30;37;213;4;2;80;910
53;34;614;2;4;98;744
187;117;733;4;2;92;329
99;154;157;3;2;95;645
77;27;231;3;2;80;806
108;73;1199;3;4;98;201
60;135;589;3;2;92;108
62;157;998;3;4;95;384
136;48;749;2;2;80;151
42;108;398;4;4;80;520
15;136;841;2;4;95;320
176;91;1115;3;4;98;976
64;107;685;3;4;92;155
34;150;932;3;4;80;630
82;117;159;3;4;98;9
14;128;823;3;4;95;598
131;53;144;3;2;80;126
146;99;947;4;2;92;911
186;120;1095;2;4;95;71
153;68;848;4;2;92;640
84;118;273;4;2;92;70
131;84;183;4;4;92;41
23;83;940;4;2;95;787
66;153;911;3;2;98;538
182;158;604;4;4;95;627
63;32;981;4;2;92;209
49;30;915;4;4;98;974
14;34;928;4;2;80;791
114;95;376;2;4;80;840
63;135;1047;3;4;95;946
86;97;838;4;4;92;99
104;47;455;2;4;95;891
189;103;1023;4;4;80;839
52;118;354;2;2;92;893
86;122;248;2;4;80;564
174;96;323;3;4;95;677
79;83;176;4;2;80;718
177;149;690;3;4;80;614
35;30;228;2;4;95;255
97;45;321;4;2;92;908
158;27;1183;4;2;95;818
120;67;1170;3;4;98;269
171;141;1096;4;4;80;906
136;103;1167;3;2;95;296
17;160;660;3;2;80;60
58;65;562;4;2;98;714
20;70;500;3;4;98;1001
78;148;473;4;2;98;735
117;148;1022;4;4;80;341
84;99;621;4;2;80;509
157;98;652;4;4;98;859
100;93;314;4;4;95;211
114;25;814;2;4;92;612
72;24;240;3;2;98;213
101;144;789;4;4;95;454
146;53;462;4;4;92;4
43;30;350;3;4;98;708
90;69;918;2;4;95;989
182;97;154;2;4;98;810
55;57;829;2;2;95;832
134;108;341;3;4;92;184
98;21;781;4;4;80;381
52;131;1005;4;4;95;339
118;28;877;2;4;92;120
13;118;761;4;4;92;58
27;92;877;3;2;92;964
24;126;1045;3;2;98;669
129;132;809;3;2;98;179
55;71;498;2;4;98;904
109;33;795;3;2;80;394
24;50;1106;3;4;98;728
95;62;119;4;4;92;525
132;28;1049;2;2;80;138
156;112;787;3;4;80;897
30;122;321;4;2;80;669
178;85;726;2;2;92;779
182;98;661;4;2;92;915
197;100;1024;3;4;92;11
61;63;355;4;4;95;29
144;144;121;3;2;92;707
29;157;742;4;2;92;650
157;79;1112;4;2;98;136
173;82;492;4;4;80;669
66;155;106;4;2;98;257
97;63;52;2;4;98;442
112;134;870;2;2;92;556
89;61;914;2;2;95;40
41;124;340;3;4;95;809
33;116;268;4;2;98;544
184;84;207;3;2;80;485
193;76;325;2;2;98;597
60;146;1086;2;4;80;588
188;147;697;3;2;80;500
110;48;324;2;2;98;914
50;58;538;4;2;98;805
64;101;988;3;2;80;957
77;155;799;4;4;98;612
107;127;1070;3;2;95;832
83;63;512;2;2;98;100
90;39;1150;2;4;95;659
47;153;1019;3;4;80;399
196;123;1117;2;2;80;811
29;112;918;2;2;98;94
17;139;631;4;2;92;434
184;44;1012;4;4;80;664
113;33;288;2;2;98;459
177;129;461;2;4;98;734
199;62;1085;3;4;98;523
140;127;307;3;2;98;258
170;56;363;3;4;98;643
149;114;403;4;2;80;349
173;83;905;2;4;80;202
157;86;817;3;4;98;3
138;89;859;3;4;95;520
107;153;680;2;2;92;666
20;104;615;2;4;98;613
95;47;640;4;4;98;962
91;31;249;3;4;92;865
127;104;535;3;2;92;212
52;147;886;2;4;92;626
74;37;862;2;2;80;324
43;71;1114;4;2;92;177
192;45;805;3;4;80;718
134;151;739;4;4;92;426
39;143;560;2;2;95;831
68;155;549;2;4;92;50
105;102;295;3;4;95;259
21;71;668;2;4;98;407
155;121;633;2;2;98;204
72;116;1096;4;2;80;342
92;62;722;4;4;98;925
68;123;429;2;2;95;299
175;93;414;2;2;80;719
11;44;1110;3;2;80;548
10;135;240;3;2;80;528
38;107;959;2;2;95;146
135;135;732;3;4;80;860
66;81;801;3;4;95;4
89;136;879;2;2;95;266
36;46;707;4;2;98;158
188;65;260;3;2;80;731
41;61;664;4;2;98;63
191;154;811;4;4;80;32
35;37;59;4;4;95;814
145;30;799;3;4;92;789
119;84;409;2;4;80;839
21;92;468;4;2;80;207
35;86;889;3;4;80;311
179;123;634;4;4;98;681
146;94;855;2;4;98;450
65;97;1088;3;2;92;476
178;82;924;2;4;80;230
53;136;321;3;2;95;525
35;137;612;3;2;92;511
61;104;405;2;4;80;756
31;47;256;3;2;95;237
130;47;303;4;4;95;1
98;67;892;3;4;92;1000
119;96;887;3;4;92;20
41;80;1173;4;4;80;711
64;135;1194;3;2;80;506
122;136;881;2;4;80;766
137;153;921;3;2;95;142
107;131;844;4;4;92;321
173;126;1169;4;4;92;253
47;103;654;2;4;98;579
19;126;317;3;4;80;733
86;90;265;4;4;92;744
93;146;507;2;4;80;279
58;155;687;3;4;98;385
51;90;1188;3;2;95;73
42;75;724;2;2;92;83
95;45;1178;3;4;92;580
196;88;643;4;4;98;375
92;55;486;2;4;80;20
176;36;788;2;2;98;364
107;109;184;4;2;95;159
149;135;459;2;2;98;230
121;83;300;2;4;98;95
86;117;550;2;2;95;63
158;24;253;4;2;80;591
161;76;670;4;4;98;267
166;103;800;3;2;98;122
100;85;1100;4;2;98;140
37;152;161;2;2;80;54
131;122;177;3;4;98;228
178;54;1042;4;4;95;93
143;73;697;4;4;80;369
11;77;270;3;4;92;858
50;140;203;2;2;80;622
108;25;692;4;4;98;473
173;127;389;4;2;98;269
58;43;634;2;2;80;749
158;38;1057;2;4;92;492
86;62;94;3;4;80;900
144;73;671;2;4;95;35
164;77;612;4;2;92;672
22;85;1171;2;2;80;402
141;129;461;4;2;98;506
183;124;738;4;2;98;585
65;73;860;3;2;95;252
36;101;212;4;4;92;798
58;157;749;3;4;95;183
143;99;1095;2;4;92;453
153;103;754;4;4;95;42
13;129;1037;2;2;98;88
85;72;711;2;4;80;9
107;40;185;4;4;80;687
195;45;966;3;2;80;437
99;79;691;4;2;80;387
54;89;1022;2;4;80;230
146;33;586;3;2;98;969
58;116;1189;3;4;98;114
129;86;606;3;2;95;926
89;58;964;2;4;80;753
86;145;556;3;2;95;428
186;119;870;4;2;98;156
31;157;800;4;2;92;5
33;60;1008;4;2;98;461
150;97;271;4;2;95;95
174;133;411;4;4;92;43
171;136;548;3;4;98;376
83;101;924;3;2;95;752
85;87;80;2;2;98;329
20;85;444;2;4;95;830
134;28;845;4;2;80;806
193;50;564;2;4;98;959
163;110;1162;3;4;80;259
190;60;1080;3;2;95;167
120;145;728;2;2;95;716
154;121;892;3;4;92;376
136;58;637;4;2;95;312
182;75;1065;2;4;98;759
78;137;249;2;4;80;325
129;63;130;4;2;98;929
119;140;583;3;2;95;226
181;65;165;2;2;92;283
80;57;469;2;2;95;833
61;71;692;2;2;95;938
76;145;105;3;2;92;465
79;62;1022;4;4;80;173
84;154;886;3;2;92;550
96;137;107;4;2;92;509
60;44;631;2;4;92;143
121;144;1167;2;4;92;253
67;141;322;4;4;95;927
178;47;504;3;2;92;110
141;43;163;4;4;98;333
199;40;56;4;4;95;926
55;138;374;4;2;92;404
111;152;451;4;4;92;317
72;115;366;2;4;80;864
167;154;1009;4;2;95;157
177;131;647;2;2;80;226
198;51;226;4;2;92;89
80;90;832;3;4;80;99
74;119;1079;3;4;80;528
179;44;998;4;4;80;904
68;35;878;3;2;95;678
199;51;508;2;2;92;732
156;88;1061;3;2;80;293
91;79;444;4;4;80;84
159;107;660;2;2;98;74
124;60;567;4;4;80;493
46;69;509;3;2;95;452
23;134;1153;2;4;80;518
123;60;404;2;4;80;309
167;82;1141;4;2;98;492
46;44;171;3;4;98;449
152;131;218;2;2;95;874
178;41;708;3;2;98;523
197;46;1094;3;2;98;895
17;157;1170;3;2;92;290
37;28;821;3;4;98;252
16;67;253;4;4;80;684
88;143;992;2;4;98;829
85;148;288;3;2;98;205
118;97;952;2;2;92;945
166;100;523;3;2;95;561
120;96;186;4;4;95;116
140;83;305;3;4;80;624
151;106;194;3;4;92;975
94;35;840;4;2;80;916
107;90;308;2;4;92;463
162;119;569;3;2;92;927
59;81;315;4;4;80;634
76;24;335;4;2;98;758
100;114;622;2;4;92;838
57;158;651;2;2;98;885
24;85;128;3;2;80;576
53;75;473;3;4;92;511
164;129;844;2;4;80;479
84;57;850;2;2;80;283
148;89;882;3;2;80;300
151;105;540;3;2;92;811
95;142;177;3;2;95;15
194;146;270;4;4;95;637
103;123;640;3;2;95;996
110;125;187;3;2;80;568
160;54;1182;2;2;92;296
117;62;97;3;2;98;545
100;79;1079;4;2;95;806
85;35;706;3;4;80;612
187;155;837;4;4;98;318
68;21;636;2;4;80;989
82;92;159;2;4;95;693
64;33;54;3;2;95;311
31;122;376;2;2;98;54
148;155;1123;4;2;80;350
56;86;88;3;2;92;632
63;141;808;3;2;95;212
179;88;260;3;2;95;727
14;124;179;3;2;80;422
148;149;492;3;4;95;296
63;93;1180;4;4;98;92
129;34;475;3;4;98;137
60;154;497;2;2;92;447
16;62;574;2;2;80;160
52;98;553;4;4;98;443
68;78;208;3;2;92;212
145;87;198;4;4;95;340
183;76;1061;2;2;80;673
166;126;399;3;2;98;92
89;30;239;3;4;92;763
19;53;1005;2;4;80;151
44;149;728;3;4;98;928
16;150;654;3;2;80;206
76;81;620;2;4;98;31
35;158;551;3;2;98;427
22;41;1021;2;4;98;943
126;40;1057;4;2;92;673
185;100;201;2;4;98;221
109;122;673;2;4;98;325
57;131;1167;3;2;98;265
88;107;67;4;2;80;438
66;86;180;2;2;92;724
184;86;74;4;2;98;972
197;139;1054;3;2;92;972
137;80;108;4;2;92;391
134;129;1039;4;4;98;744
200;55;724;4;2;80;66
159;134;333;2;4;80;921
181;78;802;2;4;92;783
190;27;745;4;4;80;930
125;40;211;2;2;95;56
170;49;1020;3;4;98;974
172;70;1140;3;2;92;592
151;150;1023;4;2;80;150
15;73;1083;3;2;92;813
106;120;494;2;2;80;820
129;44;1177;3;4;98;571
125;144;500;3;4;92;62
78;121;215;2;4;98;680
195;81;1058;4;2;80;344
22;21;84;2;2;80;886
92;59;523;4;2;80;830
127;53;307;4;4;95;213
35;39;1090;2;2;80;11
101;46;422;2;2;98;766
19;87;1144;3;4;92;585
62;21;678;3;2;98;449
70;101;92;4;2;98;269
54;158;650;3;2;95;39
117;72;848;3;4;95;56
31;152;1155;2;2;92;154
67;119;326;3;4;95;59
173;52;808;2;2;80;574
48;61;1021;3;4;95;348
157;133;622;2;4;80;634
51;101;86;2;4;95;618
193;119;967;4;2;92;688
160;141;666;4;4;80;507
39;114;883;4;2;95;347
185;58;247;4;2;95;583
83;42;902;3;4;98;563
188;46;531;4;2;92;434
148;54;876;2;4;98;67
104;65;834;2;4;80;119
43;64;652;2;4;80;987
58;151;644;4;2;92;359
99;122;431;3;2;92;264
51;28;402;2;2;98;673
181;95;1026;2;2;80;205
49;112;1040;2;2;98;464
163;37;491;3;2;98;985
83;57;670;2;4;92;860
84;139;891;2;4;95;461
114;79;1084;4;2;80;497
126;125;563;4;2;95;817
197;21;305;2;2;95;298
117;72;846;4;2;92;988
162;137;467;2;2;92;615
141;50;845;4;4;95;296
93;30;86;3;2;80;986
183;63;779;2;2;80;893
70;77;581;3;4;92;646
148;41;372;3;2;95;809
188;68;71;3;2;95;525
133;79;748;3;2;95;784
64;75;965;4;2;80;236
67;57;814;4;4;92;75
129;23;624;2;4;92;591
20;85;901;2;2;80;814
187;154;688;4;2;95;981
69;21;1113;3;4;80;238
104;99;254;3;4;95;469
35;48;566;2;4;98;836
106;85;1128;3;4;92;48
140;137;140;2;2;95;651
109;116;893;2;2;80;190
110;58;527;4;4;92;860
198;76;196;4;2;98;358
121;150;943;3;2;80;654
184;87;602;4;2;80;354
27;92;933;3;4;80;164
111;22;120;4;4;92;608
188;63;469;2;4;92;843
171;138;392;3;4;95;79
73;106;870;2;4;92;508
142;69;430;3;4;80;996
64;159;871;4;4;95;43
187;126;198;3;4;95;133
153;33;156;3;2;95;21
181;78;90;3;4;98;162
52;148;944;2;2;80;819
81;127;1164;2;2;80;623
130;32;1191;3;4;98;83
125;108;557;4;2;80;559
89;92;1083;2;4;95;426
17;93;294;2;2;95;30
96;157;309;3;4;92;31
48;118;291;3;4;95;817
86;69;1092;4;4;80;458
60;105;117;4;4;80;36
34;106;123;3;2;98;469
160;28;1163;2;2;92;349
134;80;778;2;4;92;985
116;54;1023;2;4;98;283
55;123;653;2;2;95;766
75;140;692;3;2;95;459
161;97;329;4;4;98;234
188;117;1196;2;4;98;14
54;108;81;4;4;98;172
19;40;1084;3;2;95;645
77;41;577;2;2;92;496
131;153;706;4;2;80;827
51;73;1182;4;2;92;38
35;111;1082;2;2;80;112
190;35;665;4;2;98;862
162;99;278;4;4;98;283
82;46;113;2;2;92;48
20;62;160;3;2;98;78
155;122;974;2;2;95;413
156;55;1056;2;2;95;757
113;146;884;4;4;98;445
171;77;1032;4;4;80;765
47;32;1058;4;2;95;178
72;149;1141;2;4;80;63
155;56;1172;4;2;80;498
127;90;969;3;4;98;284
168;124;1191;2;4;92;199
132;51;67;4;4;80;514
23;96;204;3;4;98;575
142;93;1045;2;2;80;273
175;136;1077;2;2;95;479
31;123;951;3;4;98;283
160;38;694;3;4;95;729
166;75;1029;2;4;95;376
40;121;457;2;2;80;682
190;143;617;4;2;92;595
16;85;339;2;2;92;886
160;142;922;3;2;95;563
142;111;576;4;4;80;193
104;47;824;2;2;92;872
136;43;202;4;4;92;331
199;47;944;2;4;98;292
114;141;875;2;4;92;144
77;125;1122;2;2;98;326
177;123;762;3;2;98;861
161;35;1084;4;4;98;152
121;28;448;2;4;92;917
32;71;967;2;2;95;391
105;98;798;2;4;92;4
93;104;80;4;2;95;811
19;85;469;2;2;98;438
75;69;889;3;2;92;662
145;37;92;4;4;80;361
132;26;543;2;2;80;115
109;87;340;3;2;98;982
66;63;748;3;4;80;13
23;26;421;4;2;95;345
118;122;484;4;2;92;263
120;116;460;4;4;92;616
41;144;1016;3;2;98;779
162;34;1026;2;4;92;465
164;134;761;4;4;95;614
20;37;96;2;2;80;842
175;152;665;3;4;98;884
199;92;769;4;2;98;219
149;23;747;4;2;98;854
43;91;1178;3;2;95;247
55;51;210;3;4;95;687
123;151;766;2;2;98;559
61;70;356;4;2;95;745
28;45;303;4;4;95;741
52;129;178;4;2;92;317
24;104;579;2;4;92;898
171;41;330;2;2;95;141
95;119;732;4;2;98;740
106;95;316;4;4;98;94
84;37;176;2;2;92;799
59;85;385;2;4;98;289
119;134;96;2;2;95;890
169;147;628;4;4;80;983
73;139;326;2;2;98;846
63;124;728;4;4;92;716
146;98;706;3;2;80;251
45;74;943;3;2;98;77
122;97;536;2;4;92;264
72;156;801;3;2;98;442
41;85;601;3;2;98;199
35;133;281;4;2;95;240
139;69;240;3;4;92;773
14;155;437;4;4;80;59
62;54;211;3;4;95;210
198;85;270;4;2;95;893
13;21;274;2;4;92;763
200;90;826;3;2;95;704
179;88;719;4;2;98;177
128;106;212;4;2;98;876
53;68;531;2;4;98;344
167;45;131;3;4;95;474
57;78;576;2;4;98;1000
94;136;481;4;2;95;635
56;77;597;4;2;95;63
138;41;259;2;2;80;143
158;157;58;4;4;80;225
172;49;933;4;2;92;808
111;30;1088;2;4;95;793
195;51;534;4;2;95;860
120;61;1039;2;2;95;943
85;105;544;4;4;80;876
38;40;900;3;2;95;527
166;55;767;3;2;98;79
22;158;60;3;2;80;242
137;69;977;4;4;92;299
47;80;338;2;4;92;858
27;112;1171;4;2;98;446
170;146;1067;3;2;80;109
199;131;793;2;4;92;293
28;64;533;4;2;80;302
35;62;966;3;4;80;616
106;105;755;4;2;98;968
95;143;460;4;2;98;921
86;147;1013;2;2;95;173
189;125;474;4;2;92;19
174;53;297;3;2;80;805
184;64;956;3;2;92;164
160;26;254;4;2;95;261
22;157;570;4;4;98;44
30;44;562;2;2;80;975
28;57;794;2;4;95;230
47;67;381;4;2;80;404
182;92;1066;2;4;80;13
131;69;987;4;4;80;901
12;23;1137;2;4;92;152
124;137;728;3;4;95;212
104;152;1036;4;4;98;146
107;87;261;4;4;80;237
111;28;497;2;2;98;555
33;97;1133;4;4;92;340
169;121;245;2;2;92;391
51;41;963;2;4;95;110
85;158;731;4;2;95;369
18;107;111;4;2;80;132
107;154;65;4;2;80;478
162;67;1153;3;4;92;855
188;36;400;3;2;92;784
138;115;1125;4;2;80;763
39;125;755;3;4;80;830
19;85;788;4;2;80;716
35;66;1018;4;2;98;574
145;50;751;4;4;98;727
91;114;233;4;4;92;919
44;119;196;3;2;92;961
107;93;98;3;4;98;799
35;80;614;2;2;98;851
85;73;1058;2;2;95;107
59;154;595;2;4;98;663
99;120;71;3;4;92;319
94;157;304;4;2;92;118
159;89;52;3;2;92;428
119;119;835;3;4;80;941
35;99;1081;2;2;80;713
21;66;299;2;2;92;677
102;154;484;4;2;80;76
11;78;273;3;2;95;751
128;106;128;2;2;80;579
132;40;989;2;4;98;165
88;28;522;2;4;80;323
153;69;367;3;4;98;408
33;140;579;3;4;98;429
26;128;864;4;4;98;845
95;55;870;3;2;95;167
154;119;1119;4;2;95;266
78;88;974;4;2;80;456
15;20;486;4;4;98;672
171;36;645;4;4;92;496
121;76;95;4;4;92;248
130;153;734;3;2;92;316
108;76;1035;2;4;92;77
22;99;648;2;4;95;52
127;97;802;4;4;98;299
27;157;362;2;4;80;727
10;105;1017;3;4;92;604
105;48;59;2;2;95;273
142;35;783;3;4;98;196
188;36;876;4;2;95;198
195;22;1170;2;2;98;972
74;88;700;2;2;98;126
55;104;1146;2;2;98;805
12;141;1015;2;4;80;655
34;102;332;2;2;92;651
56;33;671;4;4;98;487
52;70;1152;3;4;80;741
32;69;926;3;4;95;398
53;140;315;2;2;98;327
168;105;583;2;4;92;313
93;121;1043;2;4;92;801
97;112;642;2;2;95;680
136;29;366;3;2;92;674
101;132;102;3;4;80;487
13;108;254;3;4;98;899
129;65;314;2;2;98;915
72;149;1089;2;2;92;713
18;114;830;3;2;92;186
102;117;172;2;2;80;478
72;104;821;4;4;92;281
88;71;316;4;4;92;809
50;29;866;4;2;80;419
154;135;279;4;2;92;310
102;92;857;3;4;80;825
165;73;649;2;4;95;812
70;103;1033;2;2;95;784
72;96;729;2;2;95;804
126;74;506;2;4;80;515
55;154;100;2;4;80;259
152;143;175;4;2;98;122
54;45;341;2;4;98;646
129;41;445;4;4;98;46
143;150;497;4;4;98;646
125;148;957;2;2;80;597
109;97;74;4;4;80;67
197;39;574;3;4;92;406
143;97;296;2;2;98;864
92;106;380;2;2;92;723
114;102;909;4;4;98;9
181;132;751;4;2;98;323
158;46;1195;4;2;92;694
134;66;632;2;4;95;534
55;134;392;3;2;98;533
146;73;372;4;4;92;837
106;47;822;3;2;98;733
110;34;710;2;4;80;153
153;116;111;4;4;98;853
111;60;868;2;2;80;719
142;140;384;3;4;92;490
160;150;216;3;2;92;948
162;43;769;3;2;92;698
190;47;59;2;4;98;436
191;156;995;2;4;98;981
156;131;378;3;4;80;473
102;145;169;2;4;95;251
85;104;263;3;4;92;162
132;144;996;2;4;98;354
110;151;244;4;4;80;583
108;100;74;3;4;92;137
15;55;78;4;4;80;418
42;21;1036;3;4;98;464
106;120;101;3;2;98;695
10;60;1079;2;4;98;308
40;157;807;3;4;80;337
10;144;1189;2;2;98;714
84;154;599;2;4;92;733
171;96;243;3;4;95;128
92;29;1073;3;2;80;823
26;148;979;4;4;80;340
60;59;223;4;4;98;29
172;62;545;4;4;80;817
67;146;135;3;4;80;90
73;87;436;2;4;95;956
158;126;198;2;4;92;143
12;56;152;3;4;92;111
119;110;252;3;2;98;712
49;46;846;3;2;98;604
193;81;536;3;4;98;412
86;28;952;3;2;95;479
137;62;969;2;4;80;304
145;22;764;2;4;98;621
60;32;879;2;2;98;960
89;66;1173;4;4;92;19
141;30;301;4;4;95;857
120;78;225;2;4;98;832
195;147;1088;3;2;95;746
10;38;539;3;2;92;762
108;27;811;2;4;98;613
77;155;502;2;4;92;869
185;135;596;2;2;98;252
138;49;114;3;4;95;980
26;66;666;4;4;92;142
112;87;84;4;2;80;110
76;90;361;3;2;98;418
123;88;692;3;2;80;192
137;64;822;4;4;98;653
70;88;425;4;4;80;819
173;28;749;4;4;95;426
163;143;1121;2;4;98;803
100;141;1123;3;2;92;208
87;141;1073;4;2;95;305
89;134;370;3;2;95;205
47;65;899;2;2;98;234
156;58;469;4;2;92;103
80;76;122;3;4;98;971
190;87;550;2;2;80;340
86;47;1198;3;4;80;68
80;86;573;2;2;80;145
56;24;1115;3;4;98;261
166;105;116;2;2;95;297
63;88;851;2;2;92;644
41;42;304;4;2;80;441
48;134;753;2;4;95;364
76;111;915;3;2;95;678
12;115;219;2;4;80;339
60;39;878;2;4;92;99
69;157;1023;3;2;95;720
76;23;917;4;2;80;696
176;54;1105;4;2;95;578
51;134;1197;4;2;80;965
102;142;835;2;2;95;178
157;108;470;3;4;95;103
147;21;1191;3;4;98;217
57;158;664;3;2;98;821
35;116;341;3;4;95;796
105;77;201;3;4;98;711
99;110;774;2;2;95;526
154;96;894;3;2;80;962
25;44;917;3;4;98;376
98;29;735;3;4;80;19
75;27;347;2;4;98;469
77;33;1108;2;2;92;174
115;123;925;3;4;95;762
69;43;563;3;2;95;894
43;26;159;3;2;95;309
110;110;52;2;4;98;867
84;156;1147;3;2;95;416
128;90;895;3;2;80;971
123;20;579;4;2;98;653
119;114;856;4;4;95;15
165;50;76;2;4;92;885
67;41;531;3;2;95;834
186;141;678;3;4;95;447
50;93;971;2;4;80;473
165;85;1166;2;4;98;357
122;160;777;4;4;98;274
162;43;721;4;4;95;58
37;43;606;2;2;80;502
116;103;681;3;4;92;711
127;77;279;2;4;95;293
35;148;862;2;4;98;878
48;135;921;2;2;80;481
67;92;1122;4;4;95;608
46;156;883;2;4;98;328
137;65;1090;3;4;98;509
56;20;206;3;2;95;68
182;54;578;4;4;80;516
140;129;225;3;4;92;852
196;61;1196;2;4;95;34
76;113;942;3;4;95;104
159;150;800;4;2;95;822
44;69;646;2;4;98;114
87;97;322;4;2;98;959
141;151;482;3;2;98;721
46;97;658;3;4;92;267
76;98;1027;3;2;98;590
56;26;1058;2;4;98;509
19;66;151;3;4;95;241
172;66;613;3;4;98;507
83;111;911;3;2;95;814
104;68;495;2;2;80;49
54;44;556;2;2;92;780
103;54;207;4;2;98;87
153;130;1149;3;4;98;493
137;69;139;4;4;95;297
147;99;951;2;4;95;878
190;135;684;2;4;95;516
150;67;113;3;4;80;154
175;52;402;3;4;80;397
74;102;634;4;4;80;206
106;59;969;2;2;80;223
67;51;564;2;2;92;4
48;112;482;4;2;98;299
54;128;1021;4;4;92;239
197;83;1114;2;4;98;298
38;113;72;3;2;98;109
93;111;162;4;2;80;477
100;146;167;4;4;80;638
23;130;126;4;2;95;938
185;56;507;2;2;98;606
86;105;457;3;2;95;14
130;130;471;3;2;92;360
43;158;950;4;4;98;529
29;97;869;2;4;98;785
70;35;341;4;4;80;845
56;35;279;3;4;80;428
156;111;887;3;4;95;682
117;88;164;3;2;95;687
83;40;181;4;4;95;73
135;76;600;4;2;92;190
24;42;822;2;2;92;971
130;154;656;3;2;92;138
59;148;852;4;2;95;920
194;82;606;2;2;98;545
146;149;909;2;4;95;389
35;78;458;3;4;95;106
191;145;907;3;2;95;16
195;109;733;3;4;95;791
127;97;1187;4;2;95;404
24;118;1118;4;4;98;644
91;108;439;4;4;80;256
146;106;953;2;4;92;123
130;37;288;4;2;92;547
19;72;1150;4;4;98;491
39;52;735;4;2;95;244
53;108;242;2;4;95;705
124;54;1003;3;4;92;886
43;84;878;4;2;80;178
119;48;1067;2;2;95;819
54;128;964;3;4;92;943
103;155;88;3;2;95;737
176;114;878;3;2;92;519
124;155;419;3;2;92;83
26;68;1020;3;4;95;647
30;120;860;4;2;80;316
137;146;684;4;4;98;613
156;86;429;3;4;95;105
113;43;1134;2;2;92;776
97;127;945;4;2;95;22
163;35;682;4;4;95;591
15;42;875;4;4;80;378
137;76;571;4;4;95;595
93;87;384;4;2;95;451
185;135;57;4;4;80;137
115;149;88;2;2;95;406
145;140;760;3;4;92;20
101;51;324;2;2;80;539
148;69;516;3;4;92;948
107;50;241;4;4;95;870
189;101;992;4;2;95;101
200;87;98;4;2;80;274
145;124;458;4;2;98;465
174;91;453;3;4;80;515
158;22;1200;2;2;98;39
167;93;574;2;2;98;389
20;30;338;2;4;98;261
36;31;1126;2;4;95;752
59;49;1040;3;2;80;708
168;83;533;4;4;92;916
160;27;681;2;2;92;554
13;82;467;3;2;80;6
36;149;608;3;4;98;293
28;50;1196;3;2;80;276
190;131;920;4;2;98;105
131;157;604;4;4;98;979
86;114;840;3;2;80;286
80;24;1156;3;2;98;625
112;23;746;2;2;92;743
114;144;328;3;2;80;630
97;71;1126;2;4;80;442
164;157;393;2;2;92;30
88;27;388;3;2;80;776
67;152;206;4;2;92;298
86;38;289;2;4;80;203
44;22;361;3;2;98;32
114;156;409;2;2;80;577
113;148;431;3;4;80;429
170;93;739;4;2;80;316
11;102;884;2;4;98;464
112;126;678;4;2;98;72
95;34;223;2;4;92;844
65;136;75;4;4;80;769
188;49;572;2;4;80;39
80;73;104;2;4;80;732
129;106;373;4;2;98;644
107;50;1169;2;4;80;18
93;48;929;2;2;95;297
15;20;228;4;2;95;454
177;99;73;4;2;92;723
63;122;373;4;2;95;386
60;142;933;2;4;92;150
188;83;1155;3;2;80;93
41;136;457;4;4;95;17
40;118;600;2;2;95;734
34;151;263;4;2;80;517
152;63;188;3;4;95;724
137;72;419;2;4;92;181
89;29;96;3;4;80;164
187;71;128;4;2;95;9
31;138;1141;2;2;98;281
63;155;866;3;2;98;996
