Vandura 3500;13707271804565199;121527;290;1.6333628093019894;2003;5;849;710
NV2500 HD Cargo;60695736187598393;235835;199;2.263822863806178;2018;4;129;150
Camry;87759806935622455;221157;288;3.1446045900531407;2008;7;931;651
Expedition;06690474612046869;246068;216;4.959781565964267;2014;6;409;703
Outlander;84953799481788053;108100;262;4.16358198445891;2008;7;863;275
Tiguan;24413969189906380;38949;189;1.6886616392202711;2000;6;768;927
Corvette;69450359797278151;215304;228;2.993811975219308;2013;4;184;147
CTS;32420177044653873;248614;216;2.8979588635542344;2008;6;504;760
Tundra CrewMax;87195718097945613;149247;237;3.2543344046753284;2018;6;721;762
Discovery;90449369360625822;207499;287;4.508221324882188;2012;7;722;486
Passat;26818680955026030;25999;278;4.694601420981767;2007;5;608;866
Mercedes-AMG SLK;70775044016661099;124367;239;2.4417237871597792;2012;4;359;628
1500 Quad Cab;97686530295883301;191062;214;4.935881122834658;2010;7;7;778
Wrangler;24700944822462336;66583;226;3.8290582624409315;2010;6;172;866
Savana 2500 Passenger;60834569211655194;69091;197;2.5862400727927874;2017;4;341;322
Charger;38066716601054167;10463;206;3.4431100806768313;2011;7;55;318
Arnage;27705615261630697;236823;232;1.0643751744133159;2007;6;550;265
Ridgeline;78311335523858918;169982;254;2.974944749763332;2001;6;20;209
Transit Connect Cargo;77655318802837206;86341;207;4.613294186837366;2014;7;243;292
QX;75663905116005068;238228;190;2.0208834570335514;2017;4;935;294
Flex;55723159063252307;117012;202;3.707840016558735;2018;4;2;312
SLK-Class;08567391167301735;22518;185;4.160864172462924;2012;4;481;486
Mulsanne;65476290425918794;128616;285;4.191160058065563;2000;5;70;25
Loyale;26484827050859418;163764;224;1.4755515840108293;2007;5;721;403
PT Cruiser;32209146365330334;214575;194;4.37586503931996;2004;6;391;499
Econoline E250 Cargo;98688571972340005;214582;242;1.8585125685435067;2001;6;93;447
HR-V;71486201594474109;137039;238;4.202348480191548;2009;6;106;706
Range Rover Sport;94174393114929229;238309;273;2.944469735390905;2012;7;320;929
Grand Prix;76340836002623577;230962;201;3.659071121972097;2013;4;693;651
Eclipse;12098084863457067;175057;214;4.986247553186658;2005;6;937;65
Elantra;40948429434193778;53473;213;4.570395967161095;2016;7;703;139
Tucson;75460878519970521;72436;250;4.830110834597987;2014;5;726;61
2500 Regular Cab;82441179510806000;125519;206;3.67051409943464;2001;7;73;955
Dakota Regular Cab;35294365156689464;156691;244;1.3963670735503144;2018;4;986;807
E350 Super Duty Passenger;14564455238552885;155633;208;3.2646931400312815;2014;5;712;958
1500 Regular Cab;08422369890383443;195231;212;3.6419840781812978;2005;4;973;77
Galant;02620748674652418;92408;281;1.621360325254268;2002;5;13;289
Tacoma Double Cab;29540703804415400;204830;220;3.1967107989864627;2015;6;521;353
Tiguan;06516543592639947;126670;216;4.972286370908119;2000;6;992;275
Maxima;60541086986868082;166790;209;2.654853578774128;2013;4;161;227
5-Sep;67423817069468583;154223;281;2.6913552415318494;2015;7;565;116
Durango;84338604725601601;141397;247;3.4567670736463616;2000;4;792;357
Explorer Sport;76238374805783796;227767;196;4.538026270038574;2001;6;686;111
Wraith;70923679058422406;45071;281;2.5136731154256884;2007;7;565;168
M3;90238958670812249;54048;276;3.688231068688078;2016;5;287;558
Savana 1500 Cargo;16798260748111282;96973;235;1.6964904029957095;2001;6;171;874
Tundra Double Cab;20382473654227821;97616;219;4.294095491216375;2008;6;740;681
CX-9;54157638610231937;105437;197;2.4166217867442525;2013;5;935;238
X3;96160169278601595;184038;205;2.87170545625994;2010;6;98;120
Q;92955671482242016;151880;198;1.66013777292227;2007;4;353;110
F250 Super Duty Regular Cab;13602780774450555;213498;200;1.7836107959172152;2018;4;111;894
Continental;81325929779792153;45649;217;4.935727216655355;2006;4;827;690
Cherokee;63816878898991643;136789;251;4.687964165523263;2003;5;670;104
Civic;29711818846468687;135172;203;4.473534100489006;2000;6;446;96
Tacoma Access Cab;79756638875922880;215788;188;3.0242561787303104;2007;6;552;612
Thunderbird;02182329944406308;62959;227;2.676989762011826;2006;6;427;140
Vibe;29431992781389039;61224;253;3.6778044748864533;2007;5;428;945
NSX;42872051113787106;228047;183;4.67070368974903;2008;7;458;118
XC60;18594766295207846;206538;284;1.8678919928728823;2010;5;906;1001
Giulia;86591574895888203;125139;187;2.1597393356764845;2004;4;611;213
LeSabre;28070179088021418;17262;188;2.909414944444738;2003;4;298;574
Rio;23909015180206213;58829;205;3.705724884139725;2001;6;26;776
GLK-Class;58968065153282250;66599;289;2.3578822721438555;2013;6;259;15
Durango;99986853461033054;41412;260;1.8379789890016882;2006;6;308;533
Escalade ESV;38091960946090053;38844;255;2.744509043912886;2014;7;391;8
Silverado 3500 Extended Cab;83506512756722569;28087;278;2.505192214328345;2012;4;561;491
Tacoma Access Cab;68837561380221878;118138;229;1.1778447632814806;2013;4;390;907
NV2500 HD Cargo;42169905664834387;84851;195;1.9683102176448748;2006;7;698;458
Tundra CrewMax;14115632836753355;43469;242;1.4010533499751383;2012;7;630;973
Transit 350 Van;94285283649208953;172636;215;3.4132194623996988;2008;6;470;996
Silverado 3500 HD Crew Cab;53070794414630093;176771;255;1.7189617765430514;2010;7;511;187
Mirage;05471518467374877;109078;196;1.5559981344612122;2008;5;132;598
S60;75431135999575600;232159;248;4.9146852436910216;2015;5;259;417
M4;14583858983097303;117552;248;4.934296450037486;2001;4;829;254
Ram 3500 Regular Cab;35201045596595898;88419;243;4.613234716971039;2004;6;539;999
Dakota Crew Cab;40142579566610467;101047;219;1.3743332311852954;2012;7;479;653
H2;23188255100821318;249038;267;3.9913591239481843;2010;4;617;529
CL-Class;00106110229088496;113554;279;2.5169209917435875;2001;4;566;76
xB;46065168897900428;197745;268;3.153760707920415;2000;4;854;950
Murano;51135688832303042;119375;196;1.8241763438335394;2010;6;740;463
Tacoma Double Cab;52809352688681308;70750;197;1.901870143754091;2011;7;743;311
LX;11504179842258221;243103;279;2.8738328612730553;2010;5;486;177
Sonata Hybrid;10195050815956850;43530;240;4.390466463869231;2000;7;902;451
R32;16175431239022769;63961;289;1.6433928355715248;2008;4;666;511
Metris WORKER Passenger;38148693890561193;192668;219;2.300856611425458;2013;5;987;792
STS;38967641049429580;194534;280;3.232346563992233;2011;6;884;241
Outlander;20320354644075906;180141;251;1.5471073933559616;2015;7;625;980
MKZ;71206756028706606;102128;208;4.735834722881534;2017;7;786;523
X5 M;20140038406112785;12377;240;2.135398575768887;2002;6;726;284
Tahoe;62056738280607378;239545;212;2.999439980736501;2007;6;744;299
Venza;64237014281412225;245975;264;4.404613952804521;2010;7;664;66
Eclipse;39170860070668410;231384;220;1.817896814482748;2017;4;81;272
Navigator;00473845327057199;176042;238;4.936431938543482;2005;4;189;273
500 Abarth;93997295288302003;222825;189;2.70849844496836;2004;4;483;435
Viper;43289473672809904;158784;276;2.82100857754846;2011;7;662;588
TT;87808407952936418;101254;272;4.301103720618215;2007;4;271;472
Safari Cargo;94553144922151383;81291;274;2.1409256907182264;2002;5;373;495
Express 2500 Cargo;25747174213945942;153436;201;2.8301692401403975;2006;4;167;386
Ram 1500 Quad Cab;16401876472375929;141092;215;4.305824319515799;2014;4;312;425
Prius;84176825097545996;177891;230;4.421729300515468;2013;6;483;165
Escape;13147743841114628;155984;245;1.0684839116414198;2004;6;851;533
1500 Quad Cab;36002744900423549;221068;276;1.328304066277044;2003;5;544;151
Canyon Crew Cab;28742042317201723;63056;218;3.0342479897333123;2002;6;709;22
Accent;08914318946373221;46001;276;1.1948471926099837;2005;5;363;900
Civic;97885985145247673;214471;280;2.3686926534267636;2001;5;654;871
4Runner;78616247466740826;123423;289;3.540690824534803;2002;4;527;117
Sonata;67155464899572072;243379;219;1.351569503537942;2008;4;6;768
G;34225155156419320;145390;281;1.2074641635029009;2011;7;940;978
CLK-Class;27398580053982069;22924;287;1.6875833689314867;2014;5;220;167
GX;96252961747350497;127628;274;4.088087332040539;2017;6;454;694
MX-5 Miata;60456155432909718;175762;242;1.4090432336485055;2016;4;907;899
Camry;53117054089060539;30600;212;3.762819577710758;2006;7;95;832
K900;15908506679550090;112280;192;2.039414484826742;2003;7;651;860
ATS-V;86398427995131901;149521;289;3.142586900387314;2016;6;295;912
Econoline E350 Super Duty Passenger;73895871081930836;191931;286;3.751783734496656;2014;7;505;950
Compass;82582710013831675;71133;213;4.680526821906208;2006;5;304;374
Sephia;26981275512166839;16900;215;2.2688829650848352;2015;6;450;465
Versa;82899530684779615;140116;200;2.3615257118680884;2011;4;881;335
MDX;35282796681142703;230023;250;3.694921590662831;2002;4;174;290
Envoy XL;43117567856452956;37404;278;4.870377349080043;2011;7;208;671
Protege5;76749900869887522;91546;190;2.805039231060202;2005;5;520;432
Escalade ESV;10148557220833857;188551;236;2.1480505734759303;2014;5;384;106
Escalade;01432938719314503;91883;279;1.0224955912737448;2008;7;117;969
Sierra 2500 HD Crew Cab;68675787715091062;248289;222;3.6561349219799393;2001;7;860;777
TL;72055814102548884;230678;251;2.8389724751789958;2000;6;74;823
Tundra CrewMax;98375629794998397;204157;258;1.3939489642699079;2015;4;343;903
2500 Club Coupe;54605318185889866;51793;229;1.4683379053366892;2002;7;593;290
RAV4;30227285065435221;164222;288;1.7836361245064745;2017;6;118;915
I;40066428313752680;52980;230;4.22645278979663;2011;5;349;658
Element;29823767726302853;25022;248;4.525857250780998;2004;4;558;894
Prius;41939519319149044;207365;285;4.421638757998862;2013;7;345;623
Sonoma Regular Cab;41322399672783994;107397;208;2.4997627228035353;2002;5;211;931
Town & Country;44142526862326139;234992;219;2.8143876237734435;2000;5;254;851
Escort;69136260311331508;78379;187;4.772874872659594;2015;5;344;879
Eldorado;50717249620750460;107598;256;1.2487953733308474;2010;7;871;285
Pacifica;42356623236945066;199698;244;2.61898414709131;2012;5;582;447
TL;54949270519659082;225248;245;3.878598053132637;2017;6;148;404
S80;97077435761025341;182578;187;1.8591432069154812;2006;5;581;63
GLK-Class;05623188339583119;208090;236;3.7042481765492976;2004;5;272;834
B-Series Cab Plus;68942290466625567;36794;279;3.001255530792551;2006;7;394;297
Spirit;26116309732113524;17957;218;2.831035879960391;2000;6;741;481
Camaro;15750075842931863;37299;264;1.4378294117054327;2002;7;815;974
Ram 3500 Quad Cab;86551234865125937;74225;277;4.913716564811731;2000;6;38;578
9-7X;61195692205787146;98338;197;2.895684313992223;2011;7;146;3
Escape;78421827781957549;46712;284;3.2773429531132945;2015;4;883;642
2500 Regular Cab;24330915308557391;241488;264;3.171517767880525;2008;6;894;482
Sunfire;40577731083756825;248367;265;1.418252746185929;2011;4;124;450
Tercel;19611221953060669;193447;241;2.030735863122375;2018;4;594;463
Eclipse Cross;55493864435719048;238924;256;3.8614168391702823;2010;5;174;748
2500 Regular Cab;60104819850491156;92538;195;3.807546439377397;2000;4;43;58
Veloster;55616684351311825;171406;255;4.614476419999038;2017;5;835;244
Titan King Cab;78176131498810621;221829;191;4.4201432818526385;2017;4;248;560
Titan Crew Cab;11967157930069565;45824;256;1.7360983850425873;2015;6;927;693
Club Wagon;12966300599577906;26842;279;2.6479337800132616;2016;5;926;700
Silverado 3500 Regular Cab;72552470057961314;63399;197;4.746336918691419;2008;7;990;944
Rondo;12634069029737515;142351;224;1.5328525212836244;2000;5;917;51
A6;90431015013483349;85002;196;3.046084555197292;2003;4;809;210
7 Series;77468432653848734;245235;277;1.652123306724116;2006;5;94;470
Grand Vitara;60952822623804518;74914;236;3.6000469253752017;2010;4;745;264
LeMans;12650054548309502;20223;206;1.1654344813852204;2001;5;938;660
TL;94421363304289242;81676;189;2.3036174354737557;2004;7;206;22
Altima;81384357341248822;185349;199;4.138538263761263;2006;6;823;876
Axiom;91535841857510814;110068;197;2.47568028773221;2011;4;954;998
57;18591694433340641;178051;225;2.5080573126223293;2002;7;333;569
G-Class;16821940802311332;228270;278;3.767662195152051;2015;4;51;721
7 Series;82761866591394255;32548;242;1.5955716652167107;2000;5;708;345
XL-7;78173866111389097;226994;196;1.8073058870672747;2015;7;456;12
Viper;55593737692141545;90487;246;2.396798957420864;2012;4;287;625
3500 Crew Cab;58099902938299580;88072;259;3.019708371705186;2001;7;658;298
Express 1500 Cargo;98947828519817693;223116;265;1.105022689424998;2013;6;153;695
Expedition;36151370552299970;238304;245;3.800129994589049;2000;4;231;708
Mustang;74914111199809613;153976;235;2.029938760461838;2008;6;945;66
940;62128764506353748;72992;232;4.907764460153269;2008;7;350;826
FX;21292801221804627;144670;204;4.001755915399809;2006;5;682;486
Storm;70772096094440279;241194;244;3.6358367488111893;2015;5;96;420
Esteem;34288186324657317;127210;263;3.9445451699631713;2009;4;956;47
Continental;50854515720016188;207266;255;4.8098020647699435;2009;6;813;869
Clubman;47747175045138930;222459;283;3.541089405682465;2004;4;350;847
F350 Super Duty Super Cab;97528703233405627;63392;236;3.8844604352963;2000;6;334;735
Silverado 2500 HD Regular Cab;20415817730455121;141444;274;2.833971998723142;2008;6;122;627
Matrix;12689063185252946;180764;193;4.4490280656286;2016;5;568;280
Endeavor;13770205398139316;113700;290;3.6231746207224282;2012;6;852;112
Dakota Regular Cab;79239221248529241;79292;268;4.995488073281047;2003;6;115;55
Sprinter 2500 Cargo;99641024008395659;35781;259;2.968516852832565;2003;6;89;795
Cutlass Supreme;39047552429624816;20158;272;2.0480569689637314;2014;4;725;381
Rondo;38654312947280407;163763;239;1.447918652594812;2016;5;988;542
Park Avenue;90533709151420336;185593;232;1.5468977243364201;2017;4;779;283
Coupe;19420438531743507;17015;272;2.5226801041233027;2016;6;917;241
5 Series;66543215242867680;46387;277;4.485077400732361;2000;5;246;861
F450 Super Duty Crew Cab;07114502445599689;25984;287;2.395333136695664;2003;6;487;624
Grand Cherokee;73804366952652393;142566;283;2.5120061340436663;2016;4;43;842
3500 Extended Cab;59942787990205526;47485;186;1.84223428414955;2013;4;225;843
Tercel;51276567517227243;113790;188;1.538874750855984;2018;6;175;672
Frontier King Cab;99078912436870679;166738;259;3.467371007518142;2001;6;59;180
Sierra 1500 Regular Cab;89836922911500510;212423;208;4.930670823576013;2008;6;538;788
Sprinter 2500 Crew;46600435762555769;97368;207;1.266134534234772;2009;4;947;90
Lancer;22220588170221628;16113;276;1.3152381886981717;2008;4;96;358
LR4;40758716023635674;246431;185;1.6155468442917775;2006;4;545;952
Rogue;71989083722381388;209340;241;1.5981150306046659;2002;7;353;854
C-Class;73786019628434327;225730;208;4.726591182958748;2000;6;970;654
Century;25088787489917548;195234;241;2.2456903357739932;2018;6;79;269
Neon;46152939560399573;216284;289;3.8847256710435274;2017;5;706;102
Sierra 1500 Regular Cab;25831981931031161;60005;251;3.660633534556642;2017;7;67;106
Mirage;82450831149483187;228906;203;2.5796033427165375;2014;5;296;284
350Z;55427889749211998;160297;219;1.1694786064768108;2011;4;703;340
A7;80838984536311198;238770;280;3.58719701641841;2018;4;462;444
Uplander Cargo;50871958363894653;121315;223;2.1660601811732993;2016;4;181;303
S2000;54606609615458678;145658;236;1.901123591894303;2007;6;489;842
CR-V;38322540852338399;221802;269;4.660971850070216;2009;7;704;122
Tacoma Access Cab;75336398410061734;167448;196;4.543739878525225;2003;7;56;511
Town & Country;46861924767766705;114235;251;4.018941154649379;2007;4;991;712
F150 Super Cab;78613347384338659;187688;181;2.194892859984945;2014;6;435;762
Patriot;42447755824941581;79859;215;3.537519790076351;2012;6;811;368
F-TYPE;85514377422503491;230478;237;2.5183221724658216;2003;7;558;703
Ram Wagon B250;33085254072650323;211514;208;2.080175124381678;2004;5;718;15
Santa Fe;34688256476818963;140438;289;1.1035037201711604;2018;7;660;964
Safari Cargo;43457603408403266;43748;268;2.460548935834226;2015;6;987;680
Rapide S;42379395940847176;70001;262;3.2777903682394554;2016;7;820;463
Rodeo;65771759342182862;124176;203;2.7260259585277704;2007;7;568;962
Avalanche 2500;09103605041667545;207452;252;1.9142368542360217;2016;6;719;704
Savana 1500 Cargo;69300722423865877;83016;241;1.0709063659834102;2008;5;189;810
G;42112926451228343;64962;269;1.3744724891523594;2012;4;112;784
TLX;71184951741054315;122472;259;4.430459057964709;2010;7;99;204
Grand Cherokee;92117004075472115;169200;244;3.349949645237383;2008;7;616;10
190 E;58130685996986115;171044;217;2.8863972782634657;2011;4;568;856
Versa;70015567390387447;222299;243;2.9219753102693033;2005;6;649;768
Sportage;74860545274893500;79420;282;2.872033453090364;2008;4;490;677
F150 Regular Cab;97911504057244938;112471;270;3.7102793960694163;2012;5;519;1
Passat;26279577834164621;207163;185;1.9503038902363024;2015;6;471;483
Silverado 1500 Crew Cab;78801687492229272;191607;279;1.6244506014892992;2010;6;175;439
S-Class;19512795937468221;146350;255;2.092203405915003;2007;7;999;62
King Cab;68793922198251659;71523;187;2.4811870791180004;2003;6;542;764
Ram 3500 Regular Cab;93077878042850074;39969;265;2.3491756913709265;2013;6;835;880
E150 Passenger;35282800158843029;16567;289;2.9114022496564367;2008;7;811;299
M-Class;89545067830409397;88695;234;1.991099507704567;2002;5;299;727
3500 Crew Cab;27416497414555377;11636;242;1.692327300793544;2006;5;359;381
Ram Van 2500;65153532890134283;32482;250;1.5055640172744158;2009;4;343;456
Explorer;33793599550037457;70287;186;1.874979421072458;2009;4;36;273
XC90;94887753943648568;220273;201;3.4017343048189788;2018;5;135;947
Caravan Passenger;58365163242041319;50056;232;3.7924563846056296;2002;7;809;245
Durango;56940076708275352;211461;232;3.619061473050673;2002;4;429;753
Tiguan;89405057148809982;154708;237;2.784840076905801;2010;4;953;563
Outlander Sport;18306277706948995;212202;182;1.3573259462623866;2008;6;869;642
2500 Regular Cab;40747776317047360;209989;272;3.269934462960422;2007;5;960;164
Jetta;20307965785574258;53182;247;3.1974522693320004;2009;7;520;30
Golf (New);73994630139310717;101069;274;2.0944961746980737;2002;5;857;409
Mercedes-AMG S-Class;23752534258499182;109126;194;2.8878876944142933;2002;7;360;374
6 Series;28825094185815772;139689;235;2.872490688345956;2001;5;592;11
Sonoma Regular Cab;13453101782992072;210872;226;1.6211539732270595;2008;7;621;259
Z4;12805407583297163;135773;276;4.497346217152018;2015;4;845;564
F450 Super Duty Crew Cab;87159274428252266;246864;219;2.960918178765015;2010;5;247;124
Frontier King Cab;74944691152268252;36145;230;3.725719820235145;2009;5;776;482
Canyon Crew Cab;29021880409236556;70417;229;4.6771645622243385;2011;6;615;998
Stinger;73747022310670285;196643;202;1.0178449523242419;2009;7;845;90
RL;47726753473862941;176107;210;3.5582528628060053;2010;5;948;132
Range Rover;98474746049059444;171098;236;3.562268455745196;2004;6;951;601
Impala;42581370448603373;57547;246;3.3708613663564373;2001;4;549;968
Outlander Sport;68777159004287156;121531;290;1.8253677551283722;2011;6;956;364
Forester;61519994426480803;192274;209;3.728723003424147;2007;6;48;135
Celica;32066021601618554;201713;202;2.857020206554257;2013;4;699;663
Maxima;05379596712102687;124859;284;2.6487846778217907;2006;4;616;293
Bonneville;58443997209050545;40121;194;1.1291346379434342;2004;5;730;11
Prizm;63476705057678323;210287;195;2.4099314906174074;2004;6;577;763
Accent;33491677721129568;48454;266;4.765135956636787;2018;4;998;201
Ramcharger;69262334710476901;99631;224;1.348294201216849;2013;6;194;676
Esteem;65330695647651484;27735;220;1.5723685661165354;2012;7;544;840
G-Series G30;55539906575777411;128250;221;3.9588403189976256;2011;6;798;303
Coupe;28270380426382094;106075;217;2.1215474340202207;2002;6;144;343
LHS;84034330033327944;170257;214;2.527275933801926;2010;4;584;335
Model S;54362665402726371;167705;255;4.823377712892919;2014;4;239;708
LX;74767838751191597;83190;227;3.5705438675173173;2006;7;903;381
Silverado 3500 Crew Cab;03519999323893037;218172;247;3.9438897726843365;2014;5;218;1000
Colorado Regular Cab;80179356570252660;48783;208;4.818428057622917;2000;5;147;988
Bonneville;90654503226546733;123690;235;2.6901367561002814;2016;6;412;738
Legacy;77190193125697993;150305;261;2.515885336442933;2017;7;586;372
GranSport;54208251774743342;55545;262;1.0036435104391543;2008;7;850;52
New Yorker;44753534235853069;200935;241;2.4725135732591377;2001;7;855;449
Envision;56501717684283560;216515;199;3.0919873319348814;2006;4;173;249
Equator Extended Cab;49885868513070109;166560;204;4.60297685179088;2017;4;64;702
Patriot;18386879018849568;143643;280;3.2537131102367254;2011;7;130;318
Continental;41879487335568417;200000;180;3.7836505003734398;2012;5;515;63
Sunfire;29397167513821035;156590;284;1.199428149342444;2013;7;845;620
H3;38535260670388553;224688;277;4.122877603741294;2013;4;433;165
S6;81829093912869771;123149;233;3.1714311258596037;2018;7;97;718
fortwo;80653697275861293;192165;204;1.0873364842277669;2004;5;255;184
Boxster;95924884619862844;239941;249;1.7521975779827321;2006;5;470;172
Mustang;20733342448494053;76355;211;2.9241938227461475;2000;5;543;683
Bravada;58881666862640133;64280;214;4.044127120661431;2017;7;74;399
Sierra 3500 HD Regular Cab;04528591234583468;107109;226;4.076485014678552;2017;5;896;172
Cascada;96493637374636261;216886;239;2.245822279704396;2005;4;585;158
Stratus;31633218902739962;23936;252;4.981142683086484;2009;5;565;337
E250 Cargo;59607024135546373;220288;239;1.1201153064191534;2002;4;915;175
MDX;90713186038653374;204061;281;3.5662249921397358;2001;6;775;642
Astro Cargo;28967675634284983;149497;242;4.64776641378743;2008;6;738;163
Sierra 3500 HD Crew Cab;58930527331535898;75438;274;1.2864224718631614;2014;6;633;127
NX;19012864560131805;163712;227;2.5388462301979855;2001;7;979;776
Outlander;46187009442908027;78652;250;1.8822685408676927;2002;4;861;682
Silhouette;10589077679577431;132107;274;3.3249205338355625;2014;7;562;75
Sierra 1500 Crew Cab;01101999421485258;95460;280;3.8574806447636822;2001;6;943;947
6 Series;23943596690515154;102027;266;3.952280118211602;2017;7;249;40
Maxima;31305860809881501;85530;273;3.329223307186315;2014;4;920;587
S10 Extended Cab;24165014559842428;161669;211;4.861393573112235;2013;7;342;931
XG350;72596642862374682;97060;264;2.0743804323421613;2001;5;667;559
S8;38352412806516990;98197;236;4.186185303786614;2004;5;702;890
S10 Regular Cab;33276994723634640;32956;188;3.902370183882171;2017;4;793;247
Silverado 1500 Regular Cab;71803401279061009;63217;239;3.64696921921377;2012;7;192;81
MDX;59263594248433436;222519;223;4.272957376374469;2003;7;470;655
Ranger SuperCab;26572508136182515;105536;221;1.9845569005714552;2011;4;880;387
Rogue;00730718350550923;56520;217;1.757204030817606;2018;6;268;618
S4;89760632124199421;165970;258;3.6964078894711423;2016;5;960;216
S-Class;25826612005963826;55706;198;4.640253980032086;2010;6;406;648
Flex;84981398507915948;201639;235;4.870937781055239;2011;4;779;662
F250 Regular Cab;13156923967151804;215730;249;4.517388349504412;2003;4;263;508
164;99633256068533949;23549;213;3.054001168079197;2014;5;497;501
3500 Extended Cab;57362090453529725;93238;277;2.8230314457841685;2007;7;651;257
Tiguan;35532584644762883;200489;258;3.2664395788793095;2018;5;991;504
Acadia;90674862944137473;11509;265;1.7239471048927522;2014;6;179;800
Prizm;38795579944832078;174105;287;3.4135556916698113;2004;5;350;301
Mercedes-AMG GLE Coupe;36544443683156886;125550;205;1.443626113309092;2018;4;927;348
Savana 3500 Cargo;99016996079694713;77124;261;1.763822072017975;2015;7;219;451
Town & Country;56813030157062998;85138;232;1.0103601490646845;2015;5;322;785
X5;31184733253047560;22077;185;4.430643571792084;2009;6;316;629
Montero;27648778811759410;103668;189;2.7767019563572632;2004;4;243;630
Silhouette;29423560931571373;72999;244;2.3519644296193127;2004;4;372;67
Silverado 2500 HD Double Cab;64660012439924235;46653;261;1.140973388471593;2016;6;444;477
SL-Class;88834226247136010;164486;203;2.917618610457661;2014;5;988;47
Cherokee;52740295273995760;114629;185;2.458245066163072;2008;7;579;25
Regal;99933126626739601;79984;255;2.752547457433983;2016;6;438;670
Galant;86200181328320751;220046;282;2.1914725833603312;2005;4;528;160
S7;17590577559404036;248649;256;4.91995584869239;2007;5;264;89
C70;05638675271938188;22127;192;3.005122893302456;2012;5;336;791
Corvette;35825903919253595;18479;225;4.076967226731757;2009;6;409;767
Montero;68702774778722705;222347;201;2.2647207819259316;2012;7;2;88
Sonoma Extended Cab;75212441924019220;22068;213;2.696002627345626;2006;4;719;844
Cherokee;19302936486999976;67503;239;4.017082758097588;2017;5;17;171
Sierra 2500 HD Crew Cab;38471319157235856;114819;280;2.037770822147408;2012;7;18;827
Ram 2500 Club Cab;11950509711021968;187886;233;2.8487089131713326;2000;4;417;915
Aventador;00900463980430234;27997;215;4.2600180366654845;2003;6;242;843
G-Series G20;84997079677319766;21764;210;4.778443285383214;2012;6;857;627
Mustang;25318192984204624;52412;275;4.725323217894179;2007;5;282;792
2 Series;33609096570365608;52251;214;3.8873416478747025;2014;7;283;369
Continental;24792780713548544;28300;212;2.579956580142779;2000;5;635;456
LaCrosse;37274096437073275;248506;200;2.081156989214712;2006;7;874;345
Rapide S;29614220561606832;25072;186;4.722200084693247;2011;7;549;435
Savana 3500 Passenger;51744937653975425;41732;192;2.4077082836115595;2013;7;723;297
Golf GTI;43415875595983231;143135;189;4.946469824900694;2005;6;953;991
M5;24313190198921341;98725;285;4.731814320955175;2000;7;196;168
Camry;13250583039156972;199581;259;4.214272925587125;2000;5;229;221
Protege;51426409820494994;189843;264;3.780654885142726;2014;4;634;872
TrailBlazer;35362074068165408;151374;261;2.3978140237786123;2012;4;353;144
Galant;18558576775810549;141720;289;3.40213813819251;2015;4;59;456
Aura;24144305732668931;24036;264;4.724533085251975;2013;5;480;931
Canyon Crew Cab;37988532533874866;226360;263;1.3068757089738776;2003;4;112;214
Discovery Sport;40174973861692019;218858;266;1.2274708907181218;2016;6;587;23
Tundra Regular Cab;49421007428704402;29604;271;3.26573265714699;2004;6;690;66
G;25747905875827341;23148;212;2.322732417114429;2008;7;203;935
Galant;04741730464725689;109394;185;3.0712235031824773;2017;6;618;187
FJ Cruiser;35435571985318182;85863;211;4.710126105398484;2004;4;975;915
Paseo;71024198966534487;233972;272;2.105301648459447;2000;5;929;962
M3;22139510442026935;186073;214;4.6705467825420905;2016;6;390;240
Silverado 2500 HD Crew Cab;82580026301813374;88145;279;3.7812797937884004;2003;5;930;144
300;33874536684247005;200465;217;3.3366324783989456;2001;5;456;621
Transit 150 Wagon;70916480025692603;119940;214;3.354213479921551;2012;7;347;478
Z3;61310750813135933;54213;237;3.1427512265525435;2002;4;518;155
F250 Super Cab;72367597078984367;224528;256;4.017449893912319;2001;7;188;631
5 Series;00610645380169213;175921;287;3.5038582588962344;2015;7;586;448
F350 Super Duty Crew Cab;80186818386884577;163616;283;2.915471704162487;2006;6;123;25
Sidekick;84652438778577600;12477;208;4.850855724149798;2003;4;144;408
Sonoma Club Coupe Cab;00788122163183559;84008;277;4.12147499949047;2011;4;912;974
Impala;74929669034061666;11353;198;1.0691825980977026;2006;6;31;23
MAZDA6;69903409627676217;193567;245;4.477231336757647;2012;6;192;194
Montana SV6;79744517198469629;145885;269;1.9262509616176615;2013;7;151;781
DB9;18439294168685455;57691;223;4.03740402128602;2009;5;968;760
Camaro;67060483062629945;213717;207;2.3036942572005183;2007;5;122;175
Highlander Hybrid;41027901237004946;124385;253;3.049402696650542;2011;7;957;3
Grand Caravan Passenger;28094304749564411;116821;286;4.904826796133722;2007;7;978;701
Boxster;64481873292273167;78829;256;2.2415795884606187;2017;4;306;780
C-Class;88455790596425504;29377;194;2.52134855254296;2006;4;703;591
H1;57818737079194872;164081;190;4.735052535436953;2000;7;180;316
Mercedes-AMG GLE;28435250553068802;21190;182;4.950824807082775;2000;5;269;140
Elantra;19630143153372819;211332;189;1.011548775572583;2001;7;458;647
Suburban;40085947749284167;178983;222;2.590443083942492;2002;6;895;754
Mercedes-AMG GLE Coupe;73633211980566500;116313;247;1.3313075571261113;2007;5;967;38
Breeze;92987401682614185;161573;284;2.1373685243125107;2004;4;847;330
Fit;87685389282572291;143365;251;3.3572125771464347;2007;5;887;153
Fusion;38693251788010582;171685;200;3.460017823864273;2009;4;660;342
Ram Van 3500;05144817602133611;29243;242;1.7338280718500965;2009;7;700;985
NV3500 HD Passenger;49656291400512792;78153;195;4.0831413857330086;2005;7;631;383
Kona;29189798546722339;97154;287;4.2385961798349125;2001;5;786;201
3500 Mega Cab;57683254900770981;141739;181;4.354061172838062;2005;5;498;327
Range Rover Sport;81877197204869154;103410;185;1.4948127341975819;2015;6;12;222
NEXO;63783743280805999;79171;254;1.882892804449721;2014;4;97;537
CR-Z;37693452696704733;109950;185;1.6697280637931229;2008;5;883;604
Ram 1500 Quad Cab;88843202265977298;19640;245;1.885064904239997;2001;4;980;116
VehiCROSS;71017990066494750;239223;222;1.3154947221984523;2006;7;639;849
RL;51155211272735381;246598;204;2.9148702344666475;2008;5;993;124
MX-6;84688983537318592;243270;260;4.878746697875098;2004;5;310;635
Prelude;11080502829599927;134310;208;4.871353089018195;2002;4;930;887
Supra;84906755502014669;231437;272;1.7899744132123594;2006;6;308;573
Five Hundred;19396923007957261;81793;206;3.0549431892370773;2006;6;37;468
Previa;56137312810127026;192428;204;4.363794182257513;2009;4;757;719
Accent;14083690262519354;246900;269;4.634597085631151;2015;6;626;984
Santa Fe;84390616284028078;127424;197;3.0865348901238483;2007;4;60;669
Spectra;97173456680178143;121221;196;1.2516650804406177;2002;6;931;351
MX-5 Miata;75809148268748076;124696;243;2.2872771452379834;2001;6;715;469
RX;42242276016048935;53694;290;4.602747539211636;2006;4;755;622
RC;70070058851321419;208227;219;1.7830907776185625;2006;4;50;984
Mustang;98845035894468924;211468;188;2.372428683774656;2014;6;946;390
del Sol;42683603290363322;198649;188;1.8695882761220752;2001;6;303;104
7 Series;32048819387276306;21180;245;1.975726994930556;2003;6;473;767
Tracer;07131712278426366;214935;250;3.5132199919471763;2005;5;907;635
Touareg;26237806125460996;112193;271;4.898986611952045;2018;5;215;587
M6;89875018178738803;147491;276;1.8399947560560768;2003;4;978;986
Savana 3500 Passenger;84226373555691047;181851;195;3.4250987945059745;2011;4;886;991
Elantra;03092572817265808;35948;207;1.324279727099419;2011;6;203;194
Grand Vitara;41830230018392004;185173;201;3.3197249493082643;2001;5;698;188
Savana 3500 Cargo;01047896265286043;74204;226;3.403400499567552;2014;7;371;558
A8;54320101398331962;24017;244;3.0990135811975508;2009;7;333;909
G-Class;65513652184471718;158974;221;1.737384250865329;2000;7;182;432
Sierra 3500 Extended Cab;82006364486750693;65456;247;3.164239502251484;2009;7;2;724
Q5;33379227198844913;12614;278;2.7788905491936675;2012;5;997;844
X6 M;26186782655939521;178807;247;1.6261824443147437;2010;7;209;734
California;46284234857902837;217111;277;1.2864100281533681;2017;4;203;839
Ram 2500 Club Cab;08347929431940746;179906;237;1.8565624946265142;2003;7;423;823
STS;79474176796619493;205137;183;1.8350926612791407;2014;5;977;59
F150 Regular Cab;21183428517666820;239733;192;1.9459349275868685;2005;6;979;599
Ram 2500 Club Cab;12324773530174649;161031;188;4.392234979258007;2005;6;686;890
Golf GTI;73035362266767881;44194;225;4.601986221548547;2003;5;630;587
Tiburon;76839548272383331;139976;268;1.704045043729654;2008;6;307;324
Metro;82828774227547953;221532;227;2.943420499517782;2007;6;906;332
Suburban 2500;31302125321772852;18056;247;3.989816532510884;2013;6;345;567
MKS;48233382917942928;119647;193;2.6910038170416644;2010;4;557;743
Eclipse;08827537290285759;162711;286;4.709627478290424;2006;5;344;727
Suburban 1500;23342179864453207;80772;235;4.992317283198593;2011;7;383;298
Venza;04451966891912884;146523;192;4.638817528569866;2003;5;444;321
Cadenza;07298736464647314;179358;241;2.334599687978703;2011;7;356;673
2500 HD Club Coupe;41654552837245011;81307;225;3.778713466703591;2012;7;517;503
Tracer;53797118757590165;44786;217;4.147547491949357;2014;4;645;908
Jetta;93006658501230515;209448;185;4.007258917410406;2016;5;391;190
911;25076875409753061;135125;234;4.310916312950875;2003;4;395;202
Sienna;97384641968679551;141634;221;4.345753363738851;2003;7;121;370
Accord Hybrid;37286337832288856;104105;189;3.386983925659346;2016;4;312;412
CLS-Class;25670352481603223;78399;207;3.517031932698643;2003;4;283;82
Ghibli;58385964570078738;89449;228;3.287278094438331;2015;6;938;134
Ram Van B250;53751470001311510;196531;227;1.8656145265410125;2001;4;657;903
Pathfinder;69969091098993680;184841;211;3.7771028703801806;2002;6;244;275
Equator Crew Cab;91338721529659070;224437;196;4.476867997839419;2013;5;134;151
Pathfinder;40413653713629795;46721;182;3.043655583462615;2016;7;695;116
Sprinter 3500 Cargo;38960039800893843;59658;272;4.167567172125496;2012;4;176;651
Dakota Crew Cab;94624460395234088;215055;254;2.5657560185835213;2013;6;242;287
D350 Regular Cab;99571287750008338;107149;188;3.12034165073176;2010;6;206;449
RS 7;67015605375687104;209181;192;1.5270186143611726;2012;4;330;873
Mystique;55002162261515516;115609;234;3.4831702053451594;2013;5;61;943
DBS;90233787873615796;176198;192;3.236777537299518;2000;6;820;43
Transit Connect Cargo;30673449627195395;225638;237;1.4819435394006888;2003;7;367;584
CX-5;60631698906186637;221105;216;2.720419489112777;2003;5;484;446
Accord;74978948624254263;121993;190;4.921642202910736;2008;7;800;413
XJ;31117102998906598;189795;207;4.385468644182758;2008;7;186;755
Aerostar Cargo;27021531841469207;64274;268;1.960706251478181;2007;4;613;953
Town & Country;57660970262995853;238089;268;1.2687636517568892;2013;7;503;140
Sprinter 2500 Passenger;96164921553600934;60888;255;2.5168598964019964;2014;5;434;813
Tracer;80670712073406802;225895;251;2.3745268036521607;2017;6;68;948
Savana 3500 Passenger;88782987486756726;242522;193;4.508600065586382;2016;7;130;66
Escape;02615401929890473;153566;192;1.2230133252709088;2002;5;908;405
Silhouette;57937423787178187;187782;278;2.8315747331903527;2001;7;871;129
NSX;95573898663707252;188818;247;4.638256277968805;2007;6;294;448
S60;25346056436825730;121396;211;4.873662490112675;2016;7;649;586
Tacoma Access Cab;16415579518381801;184545;274;2.470033703773585;2011;5;584;428
Camry;31986358358764007;98548;248;2.126579907205065;2007;7;204;859
Catera;17979339907883011;56258;226;2.7038384532353055;2013;6;813;430
Sprinter 3500 Cargo;21265244656881382;98438;184;1.5210965653289859;2012;6;248;131
1500 Extended Cab;99760809978758166;19857;253;2.4571682610503536;2018;4;145;190
F150 Super Cab;86710275620905618;146228;231;1.4790958323931003;2018;6;217;771
458 Italia;66038982848732898;96036;230;2.279465674948372;2014;4;766;184
Tucson;09099243603581530;59420;284;1.826374753330108;2013;4;10;439
Caravan Cargo;24240935762283548;209179;206;1.4342389564635942;2010;7;286;21
S10 Extended Cab;61899157482479944;75642;201;4.543381340031701;2015;6;36;320
Vandura G2500;94285668131186139;199957;186;3.6720714903285563;2016;4;995;290
QX;26530013535032706;79297;233;3.595042396556506;2006;6;383;688
Golf;98555527772233576;201603;197;2.307553431566809;2016;7;71;336
ProMaster Cargo Van;52061851752165031;150065;279;2.389791792481705;2014;7;393;505
Continental;11425383567071460;28112;254;2.032677667455473;2015;6;967;301
Grand Caravan Passenger;52437684055770319;22789;280;4.371674934740723;2003;6;894;897
Escort;19552562914382976;29772;275;2.916137921257405;2018;6;701;322
Forenza;33657644592712242;63547;238;4.016738857251264;2017;7;29;629
Silverado 2500 HD Extended Cab;40535823036713636;177964;187;2.4514355953640226;2004;4;778;700
Ramcharger;28771447125835968;166939;223;3.4350784707136857;2018;7;725;879
Sonata;98505211170488471;237692;229;4.172121880540193;2013;5;554;848
1500 Classic Quad Cab;80142531276730401;196232;283;1.8216134239946289;2018;7;540;171
Santa Fe Sport;59902180148041203;98864;240;4.731231873114775;2016;5;721;830
500c;70936197293248235;18601;287;1.855030810794215;2002;7;700;186
500c;54371342608226742;100319;287;3.5761590355584407;2005;4;514;739
Golf GTI;35829460943371679;129323;250;3.8042652984978234;2008;6;209;929
Frontier Crew Cab;84494963827108329;112193;273;4.743137802426799;2015;6;930;146
H1;58828968836852248;46335;212;1.7360638857883077;2003;7;605;719
Sienna;88441921264082602;48013;278;4.465878503664512;2018;7;652;619
Esteem;48301691337696303;174218;228;2.493900699568736;2012;4;645;360
TT;69488823727729190;53956;267;3.923381156330011;2004;4;881;632
Z4;77960314137374045;122898;202;4.46085532348158;2005;4;471;748
A6;75079781245422598;31661;245;4.311157624629156;2009;6;730;6
Diamante;46289853805969550;38540;193;2.203211418012721;2003;6;427;369
Mirage;57293683097396362;165838;277;2.54170572747479;2002;6;309;635
Phantom;34816520538245404;74857;199;1.4262653344074692;2013;5;645;231
Regal;21631818250305965;72518;245;4.341312170869658;2001;7;718;622
Soul EV;00832049554288031;243633;220;1.9940322887801725;2007;4;308;210
G-Class;87088767963816230;126740;229;3.640487715915956;2002;4;608;413
Savana 3500 Cargo;21425379786131045;134769;238;4.707036139097411;2004;6;336;637
F-TYPE;10523749104594603;92111;189;3.222430923895541;2007;5;975;992
Soul EV;72941084979999438;56269;271;1.4860900876828502;2008;7;705;409
SL-Class;94797335433126630;90881;187;1.7623391853989139;2018;5;162;821
Mark VIII;26811957769214068;30118;223;2.454275533809855;2009;6;375;123
Tiguan;85714196018820994;21057;282;4.207744198394101;2000;6;160;725
GranSport;47814690422754256;240642;187;4.053336992632508;2001;7;3;350
Ram Van 2500;15417657470090209;103146;274;3.020471890164303;2007;4;190;337
A4;29613411978484580;63540;289;4.125879294845129;2015;4;737;352
458 Speciale;05238258134041254;83326;274;4.815984827870785;2007;7;725;675
Roadmaster;78544904297730908;180790;237;4.668914282762541;2007;4;946;233
XTS;94050075132415595;83216;193;2.9674104135062844;2002;7;134;177
Tercel;36100792769041275;65354;217;4.32107815518394;2005;4;756;850
MAZDA6;39672860390397291;102416;243;1.1798638775272363;2009;7;9;619
5 Series;95832318019315138;144424;280;2.59852543830145;2014;7;47;831
Century;84111273871196882;41504;272;1.8461213429915349;2012;6;636;225
S6;23124842339411127;103657;279;3.650769990101508;2016;7;585;323
Sienna;05012062072543313;115600;262;3.4757704183841023;2005;5;109;285
Silverado (Classic) 2500 HD Regular Cab;15440868728972117;101922;199;1.6613085424472094;2013;7;136;729
Canyon Crew Cab;14837717574027580;88677;204;2.841155950044956;2009;7;764;138
XC90;35795526885660354;158723;233;3.464740022488569;2003;5;581;987
Diamante;24672628037440211;154627;200;3.5075296219497085;2006;5;63;240
S2000;56344306689809549;32852;271;3.9117808796626146;2002;5;530;750
G-Series 3500;50732803232803599;111433;253;4.194884017106979;2004;6;346;434
Veloster;61637254513918173;140755;211;3.187613994026797;2010;5;415;79
Outlander Sport;72665829936607872;206778;253;3.962018730856561;2017;6;186;81
SS;18430295984961945;158861;274;2.323123521479526;2011;7;489;410
GLS;68545969399770986;18206;261;3.4260798798175576;2005;7;311;640
Outback;47538736712542804;29379;243;1.2641044937724195;2008;4;321;849
Macan;31557476795519413;239799;199;2.8389264009843744;2008;4;912;502
Tercel;42505497528681165;90339;215;3.277450277974104;2016;6;835;53
Savana 2500 Passenger;35304568289961307;152850;222;2.023290315739765;2014;6;298;644
MR2;64326780356635195;93088;280;3.561801187749903;2013;4;883;158
Accord;36364773029093840;35797;233;3.127862446263376;2013;6;286;128
XC90;26871387706312430;134974;211;4.804846324481266;2007;4;599;137
Cherokee;37102706943767645;36594;236;1.4877082943011368;2002;6;616;139
Equinox;32283497964282544;73471;211;3.4907125835113186;2012;6;546;80
Accord;06237755408826280;34793;246;2.054484662224906;2002;6;383;861
SLK-Class;14245364655932009;62470;238;2.6918151206635765;2012;7;981;983
S60;19200793614971106;30595;243;1.2786348482709995;2004;7;551;912
Silverado 3500 Crew Cab;45415690136025576;114876;278;2.4382566092163316;2006;4;342;968
Corrado;36581280804397038;206574;215;1.9556775960908315;2006;4;127;221
Grand Marquis;38018730219187380;34134;250;1.3637046606387235;2006;5;5;271
Journey;79431413364015150;54977;191;3.215458905734945;2007;5;466;285
Silverado 2500 HD Extended Cab;57229451618266343;37269;242;1.845904406452235;2000;6;767;599
Malibu;28894034770729123;115777;214;2.8896463155389895;2010;4;16;411
Regular Cab;49922992593744445;173498;260;2.035706098014529;2008;5;134;238
SLC;26932944063063439;168746;251;4.832836811674829;2015;6;467;306
LeBaron;06799782572257204;170045;269;2.5045141136494475;2013;5;916;444
9000;89358341665866135;63635;247;3.9961610955136555;2002;6;742;897
X2;75317518983799705;28674;202;1.2610400882415367;2012;6;256;450
Silverado 1500 Regular Cab;81857468195810376;108734;257;1.6935453349260152;2003;4;745;239
XC90;33034883857264123;52157;287;4.025214634595564;2008;7;799;985
Concorde;19098161672688963;62635;270;2.771076966449542;2012;4;730;822
Camry;76169550331457606;209193;240;2.364386310284838;2012;7;778;449
Colt;16198551258972880;171782;218;2.997852223309929;2004;7;654;793
LaCrosse;70366636546657646;91920;290;4.874607173289116;2012;4;996;11
New Beetle;04676194194213888;238185;202;3.3720345104597693;2005;5;567;243
Venture Passenger;33949145482537779;86243;218;3.197773798209297;2015;7;329;747
Montero;60407428270170989;95079;277;3.617744193999013;2005;6;30;384
Rally Wagon G3500;97918228660185001;204656;194;3.0689102720889223;2008;4;75;973
del Sol;57526817180776020;194702;194;1.9856486960908235;2016;7;163;49
M-Class;87966042272326015;125242;181;1.6270055779584602;2010;7;50;551
TLX;09067749300589972;107738;235;4.794233246327276;2018;6;118;519
Ranger Super Cab;90743537535054320;65182;208;4.89612445404188;2015;6;2;610
3500 Extended Cab;13202231578921746;133953;208;2.6877094019256256;2006;4;518;112
Rapide S;92053099667214675;131540;243;1.200449628921112;2017;6;853;67
Express 3500 Cargo;70690657368970879;237146;247;2.3597307718474947;2014;4;531;134
Flex;40849016351151536;122327;242;1.99544228862128;2000;6;559;564
Avalon;61583498596907466;165050;263;1.3368636131221479;2009;4;171;116
MPV;76623856387695898;240210;232;4.6015832019065765;2016;6;52;496
6 Series;28762276368758628;121985;197;4.944124285437919;2014;6;406;19
S10 Extended Cab;79089440930403337;93023;267;3.919469899951904;2018;5;236;992
GLS;30483182265494479;231025;275;3.7277378966007353;2016;5;407;370
Avalon;27946524444114786;52332;277;1.3714293781554119;2009;6;128;451
Silverado 3500 Extended Cab;82646903962231170;192210;222;1.8030033191461006;2013;6;238;960
xA;61914564509036542;206245;249;4.037236756478393;2018;6;145;163
Q8;82526482376111539;105857;272;1.2329183241375472;2009;7;562;454
Equus;02515780945550251;105581;284;1.5936312221750768;2006;7;563;389
Esteem;21137217644344245;78194;220;2.5625941474711045;2012;7;192;874
Rodeo Sport;87768730842850531;32618;243;4.78080120681474;2003;5;917;960
Explorer;31551400187109471;224641;195;2.7222661324358524;2007;5;720;9
Grand Vitara;67953149351435877;219995;249;2.679687814141028;2002;4;438;545
LeSabre;35509453940817615;129550;214;2.584380444679893;2001;5;844;559
Grand Am;73478849325625967;204633;201;3.862649039921916;2016;4;373;15
RS 3;88795746733213981;32610;241;4.610909639820878;2018;7;879;323
Sprinter 3500 Cargo;24856945649503212;152942;206;3.4826171463211044;2013;4;992;336
Passat;26948972433358443;204913;252;4.50217536265612;2010;6;348;70
370Z;54026407677476798;190937;190;3.318480707537683;2010;7;323;853
E150 Cargo;46181988636649932;149317;263;2.7041424445599374;2017;6;772;876
Concorde;31592393596883323;139998;269;3.2206482314790876;2000;7;509;74
Sierra 2500 HD Double Cab;27714467005084497;143111;259;4.507216813290041;2007;7;719;362
Model S;81846656442424412;242985;205;3.218612508045058;2013;7;903;585
Tacoma Regular Cab;74092878394391711;180892;287;1.4559326516862523;2012;4;531;114
QX80;23938373916369998;159343;269;1.3962068848158316;2013;5;25;847
Silverado 1500 Extended Cab;26314354814848283;83337;186;2.0406081354592476;2015;5;156;74
Express 3500 Cargo;87735654886664205;200447;280;4.0009283319996705;2001;4;170;40
Sequoia;05467115242826813;225231;195;3.347367135264421;2017;5;204;806
2500 Crew Cab;93840878052312777;167803;248;2.6829108621754183;2017;7;601;485
Range Rover;28425048920188753;115947;257;4.3972743413793545;2011;5;807;818
S80;85471962298603590;46581;216;3.9869751731456877;2005;5;209;648
ZDX;62487833661703860;148121;191;3.8784357992076353;2013;5;713;33
Land Cruiser;61085967336265145;201225;219;3.4621443364258266;2014;6;750;3
GTI;51644131066050354;42741;214;4.795042511250257;2011;6;506;677
Equus;41178867122636972;115842;198;1.1682817772895246;2018;5;939;417
Sephia;66114496286742625;187203;210;1.9264277041093734;2017;4;939;625
Mirage G4;88776254939819246;22508;181;1.4778292975949672;2016;4;430;380
X5 M;43218217001647231;151685;233;2.2505219649867456;2018;5;309;304
ES;15589329581811325;90410;269;4.000588222034288;2000;4;592;809
Jetta III;30231647492198375;63106;267;1.4119545023591953;2017;6;998;616
Silverado 2500 Regular Cab;87109049722642943;98419;222;4.930784411312969;2014;5;209;831
Range Rover;54693997307119281;177500;241;1.4570069797891265;2009;4;967;161
GTI;68018575296052152;66285;269;1.431123786928039;2004;5;489;693
3500 Regular Cab;05174312531947020;60218;200;3.9711810500878593;2012;4;566;597
Econoline E350 Super Duty Passenger;29976379510391934;24315;239;4.498563427417642;2000;5;266;478
CC;10268774241841576;217954;225;4.58561276329729;2009;7;827;208
Bonneville;76434821985441686;35295;270;3.9987257009117196;2007;7;866;209
4Runner;06988234159254657;170510;285;2.2116715648535847;2014;4;584;702
Avalon;50487879793103931;89239;231;3.8219814151354354;2018;7;749;101
Silverado 3500 Regular Cab;17513210968927308;98592;204;1.5487875213127271;2008;4;587;770
Navigator;40276147400981206;152596;219;1.3816676805895955;2013;7;703;986
Stylus;02214914247968477;179547;207;3.181514971741304;2010;7;888;858
Vantage;13542198291976169;146965;202;2.3092534906830524;2017;6;670;242
E-PACE;94654378154003275;20125;240;2.970653939037898;2011;6;66;940
Savana 2500 Passenger;48697492567985276;149057;245;2.277757540616062;2005;6;314;268
Canyon Regular Cab;86622798261113327;163734;226;4.252264040121596;2011;4;714;839
3000GT;60369621657445566;130563;193;4.011533547313865;2016;4;254;844
4C Spider;72283192183001003;180912;188;2.5279205323614344;2009;5;564;574
SL-Class;98169674672371810;10075;266;4.682308988111864;2004;7;601;404
Focus;51262919646443941;79695;267;2.372997193639103;2009;6;849;533
Tacoma Xtracab;38317805615239226;215372;274;1.7626664528007;2003;7;188;503
LEAF;02440059618300635;191813;211;1.8363809939125417;2007;4;468;541
H2;44243275967051242;110554;275;2.7450529682083906;2002;6;123;877
Aurora;45880096947358657;210902;232;3.1911043948668416;2008;7;818;625
Continental;72663336592229740;89038;241;1.8577320368415484;2017;7;719;313
Niro Plug-in Hybrid;70171122058064157;134363;279;3.0210105945257033;2008;4;234;494
G-Series 1500;61558827545715566;186376;192;1.8198922175499148;2016;4;534;255
Contour;44348574922534107;46490;261;4.9918510124964115;2009;5;876;201
Stratus;39577403963032352;59247;221;2.9059324965806757;2018;7;386;913
S4;79319103392189555;196179;289;3.0759903008977245;2017;5;617;309
Savana 2500 Cargo;35914984522276443;150975;211;3.119047194495668;2008;5;156;566
XLR;59165656539367329;128418;220;2.349153331924888;2001;6;837;334
NV2500 HD Cargo;69746774163003012;171217;286;4.830716073172158;2000;6;414;156
Silverado 2500 HD Extended Cab;89276804591277009;100475;257;4.08417288370525;2007;6;631;32
Regal;52762783151285796;247729;273;3.1250707684987336;2014;7;255;615
Town Car;95989226805130103;212207;211;3.2422022593501785;2002;7;773;130
QX50;32738719294719704;18788;204;2.6343961795857944;2001;7;175;347
Wrangler;91500219622320864;89451;196;2.8079132492474828;2017;6;877;191
A8;40262115788917968;94578;185;4.880851198759751;2013;5;863;687
Durango;62017959943798666;197745;239;4.145647915002725;2013;5;199;448
599 GTB Fiorano;66125015220179270;173504;266;3.111171458953844;2018;7;54;919
Express 2500 Passenger;92836750882327255;82327;242;4.136017266680834;2011;5;134;500
Ram 3500 Regular Cab;69803695433823583;207905;217;1.1343082039011545;2001;5;490;200
Tundra Regular Cab;24564539884519998;69196;245;2.6361427392698156;2017;7;668;801
Titan Crew Cab;92969362231529433;201476;262;1.0886845047883953;2011;6;347;707
Accord;26077419026106505;70265;287;2.2752677670915022;2003;4;328;669
Verano;53342285933989253;138569;260;2.708913046379396;2010;7;164;883
A4;60622738571458711;246582;223;4.170845167472306;2012;5;335;838
Catera;73143489371311445;203696;186;2.718985587429572;2012;7;389;420
Mercedes-AMG E-Class;62851224889629349;36512;203;4.170475587448051;2003;5;775;653
C-Class;64340755931977207;230221;204;1.579241926481524;2015;5;289;657
Ridgeline;81753275094549990;73441;261;3.1147167953045543;2011;5;816;540
Aura;69151723894462168;204083;274;2.62859269408578;2004;5;807;133
Mercedes-AMG CLA;47554088003515197;45619;272;2.0056131857999184;2007;6;376;731
V70;92493842532999703;56895;231;4.188639738052682;2014;7;873;399
Sierra 3500 Regular Cab;52316816251844321;125073;278;3.8896243849968744;2011;6;679;408
LeBaron;08627858391890894;185997;204;4.29894397893468;2004;4;987;515
RX;71680913497042900;125086;283;1.939551325170156;2001;5;244;139
Durango;77535028704659788;16914;188;3.9831931983597673;2007;6;871;454
IS;64956864205996155;31900;241;1.5173963034439648;2001;6;215;929
Protege;20193715190298523;78495;213;3.673778736367785;2001;6;691;732
Explorer;02965011281134352;211821;284;3.2888426031335345;2001;6;582;139
Sephia;88169108842934262;178583;180;4.897613813952383;2009;7;491;590
Yukon;78304978253516740;80610;262;1.19389058958415;2015;7;836;81
Monte Carlo;85719400764541665;235481;265;3.70198129948868;2015;4;188;765
RS 4;18788728573528904;22784;228;2.4553447260625805;2007;6;190;942
Hombre Spacecab;61231928106402587;58099;240;2.5300752341472976;2012;7;496;831
350Z;41208433640635193;143630;214;1.212859522550103;2000;6;769;733
5 Series;33368395956813778;72630;225;3.6856418843931813;2012;7;790;956
Fusion;84850727334619444;157401;243;3.8613742324402605;2001;5;822;209
Impala;89019104567198891;38920;240;3.21442481615757;2004;5;658;38
Camry;96029177702184557;235212;286;2.7921950970822342;2002;5;857;689
7 Series;99959900287387004;171024;214;1.116556795437262;2011;6;595;73
RX;52185525357987180;46756;182;3.1366848000504413;2000;4;918;691
Ranger Super Cab;79245485881068057;15260;272;1.5569095940724278;2006;5;5;352
Fit;27731809929712222;135792;190;3.7907740338135865;2000;6;894;453
XF;43097258467940091;213237;226;2.718710179920037;2004;5;656;763
S60;21249508474097803;114836;206;1.8365927138555715;2006;5;984;641
Grand Cherokee;06876163742726587;174986;289;2.441367798998526;2009;4;407;771
3500 Regular Cab;03263977496850489;221973;254;2.470915064421262;2012;4;385;709
98;57415444716992089;222139;271;4.383985067302261;2012;6;91;12
HR-V;35291898346279033;149870;251;4.570029840347421;2008;7;668;425
HS;83947591305784476;26442;201;3.538672753847655;2013;4;83;71
Pilot;71331291311692316;94644;239;2.8390902770248965;2017;4;219;798
Summit;53852967116617672;168399;259;4.681425312127647;2004;7;82;768
Pathfinder;01798626673409559;31210;216;2.117295999723452;2009;7;53;854
DeVille;69587442489129088;195737;196;1.6771080499928335;2007;6;661;810
A5;36364513591873075;184599;240;4.409215665617371;2011;6;184;145
Pilot;03735493944058769;226570;284;3.3684012914826233;2016;5;323;146
Sierra 3500 HD Crew Cab;69746997096331325;114902;277;1.323109270822783;2017;6;280;180
S-Series;82038746431998692;168444;220;4.512089083684634;2009;5;17;2
Gallardo;62535886449824177;95857;280;3.404125001557347;2000;4;16;6
Savana 2500 Cargo;16946006286105039;41548;260;4.778282081234181;2009;4;362;137
Tahoe;21161234203965606;69174;193;1.044477219151688;2007;7;347;546
Flex;98140214712954781;169728;190;2.038270319244275;2003;7;125;810
Forenza;92870458756325539;44100;226;1.4245013187613664;2003;7;776;212
Galant;56958361860266297;32646;282;4.770595477333018;2011;5;833;468
ZDX;94338364026094230;136331;231;2.843459727846841;2004;6;557;447
Continental;81235796450353535;202883;258;1.6713344734899542;2002;6;704;687
Eldorado;99182786367023339;209428;275;4.433956962874671;2009;6;740;786
Huracan;03970983006184391;213476;241;3.756150760907407;2015;7;698;824
Colorado Crew Cab;60458491997973557;189464;246;3.7744837056502263;2017;4;759;364
CT6-V;19017145108564851;172673;244;2.1185882109291594;2001;5;824;209
RX;69877837470103752;183633;270;4.798180766139139;2003;7;390;948
Mustang;76797480241776063;27666;222;1.9118982614098212;2013;6;577;709
Sierra 2500 HD Crew Cab;61275608467136447;231478;228;3.4962319581319856;2018;4;855;38
Grand Prix;63478062321247572;10143;207;3.9485853709922867;2000;5;56;599
F350 Super Duty Super Cab;48028859793133643;187239;268;3.7640401395720144;2018;7;446;791
Phantom;95357066965877306;70490;271;4.466290732584872;2001;7;384;379
Grand Marquis;45289066178360622;70632;238;3.302528777043974;2014;5;757;99
XC90;72447045372038424;174074;229;2.942758563275158;2003;4;589;225
Prius;27621644264399339;247596;231;2.9834837816620756;2003;5;152;985
3-Sep;69556272918261620;61663;254;1.5346641930059874;2001;5;797;977
Odyssey;66991683767003722;92171;221;4.955965119478146;2018;6;967;418
Tundra Regular Cab;72478899387395853;59376;207;4.20132226033055;2001;6;934;776
Escape;84166606588687107;30401;226;4.772296746520636;2011;4;360;105
Q60;85371355073595831;121847;206;1.5400416374172394;2014;7;900;156
Century;68646061480583250;136784;289;1.369179307078987;2013;4;721;597
Ascender;98900864623175482;171930;288;1.4833837333258089;2008;5;918;697
Impala;09350008802706369;92661;261;1.0725518463546226;2003;7;416;428
TT;83880469442020507;156883;254;2.7188750768266083;2000;5;196;819
Crown Victoria;59571659637181691;43104;192;3.351879573108918;2018;7;814;123
MAZDA5;54179753704644722;81013;274;3.871536426011091;2014;6;376;298
Commander;15226311837031704;195059;280;3.6952208749376103;2016;6;775;83
Savana 3500 Passenger;65855508716732737;137519;264;2.0852689767898487;2013;7;513;700
Econoline E350 Cargo;25679861190191131;197860;204;3.540400248192809;2002;7;283;33
M;77150715758756188;110962;284;4.995612233549322;2017;7;164;763
900;51422454628428797;50353;250;1.7262328214009797;2009;6;257;143
MX-5 Miata;67709679833281574;139816;198;4.134210462593526;2017;5;98;154
Voyager;63212791035535407;146499;183;1.1698262198830207;2017;4;170;403
B-Series Regular Cab;24791988336937691;168977;206;4.725342839021188;2003;6;571;825
DTS;07629568907107283;245131;225;2.069192348981118;2002;7;853;637
Sienna;14855435023241276;167659;266;1.6944900178473823;2009;4;494;99
Edge;04633279507336950;249867;255;1.910749608923917;2010;6;904;458
Achieva;21175103030446644;103654;270;3.6792202552209274;2010;7;959;351
Charger;49542138623528278;227879;222;2.0020551012143453;2016;5;324;468
Baja;13709012324569025;153569;249;3.6718017793813633;2007;5;7;681
Boxster;61288438742325798;84985;276;3.8295549804092985;2000;7;513;650
LeSabre;32334671847265484;200726;244;1.3277303009756212;2012;7;12;587
Escalade ESV;28489393293443414;179316;282;4.377680608400075;2007;4;545;142
Sierra 2500 Extended Cab;43198312853537320;119537;187;4.202025716175434;2010;4;905;819
Sentra;45916499980292108;170243;209;4.38605483146358;2015;7;774;370
458 Italia;90168689912038998;17207;261;2.630624086944256;2008;6;11;168
Colorado Crew Cab;13752040273954309;147682;217;2.4332686675280057;2003;7;761;219
3 Series;87709162627244755;85305;249;4.43827031641665;2007;4;879;302
A8;36050546346139226;202860;225;1.284528327648927;2017;7;416;135
F350 Super Duty Crew Cab;83299741695017573;42310;198;2.672016187145309;2016;6;153;935
CR-Z;93177187833876279;130205;273;1.2669884415308847;2003;7;197;693
MR2;56936845400729718;67761;271;2.3807262080125526;2009;6;985;966
2500 Regular Cab;31294439239544504;163959;244;2.6726149797220766;2013;7;696;286
Mercedes-AMG GT;03278573497830994;23907;195;2.971002484322459;2004;6;399;712
Legacy;59382262682299465;238542;279;3.3398964939578897;2014;4;451;252
Odyssey;13068139144307751;49766;194;2.452854917747286;2007;7;161;115
Dakota Quad Cab;93089769662414569;44739;278;4.971304524091691;2014;7;116;773
Mirage G4;37904519842549497;126175;208;4.077106723244178;2009;7;753;61
Silverado 2500 HD Regular Cab;47203828863268864;187253;211;2.5586002275907878;2001;4;720;772
Convertible;91943292281155395;98619;258;1.4577555803903834;2010;6;66;138
626;52275484492218747;16308;180;3.250349468194497;2015;4;512;176
Grand Caravan Passenger;65415406784004356;155546;225;3.9266686391043244;2001;6;726;825
LaCrosse;90814274537196626;176323;249;2.0192142716293846;2000;4;506;855
MKZ;45295959446266589;144941;194;3.3083928279622197;2011;7;874;292
Savana 2500 Cargo;79235325247174402;222476;229;1.7644450053982328;2007;7;427;480
2500 Crew Cab;10959807195563312;223381;287;4.603790233207345;2006;6;115;973
Hardtop;85236301008935067;75070;223;1.5832947429516584;2005;5;206;872
Taurus;74832344430975458;228519;248;1.332560964930051;2002;4;655;339
300 E;93738368286005239;213495;208;1.336409008371089;2004;5;329;907
CL-Class;91047839168072269;121120;289;4.91172718724329;2011;6;100;933
Sonata;07761110105732160;70521;277;2.7677302642948365;2002;7;816;427
Cobalt;38697548752640245;68461;221;4.029932436226028;2018;7;123;31
Ram Van 3500;15460534249515809;98838;287;3.8322151391826313;2007;7;431;530
Montero;39101151957851612;97584;183;1.8653437747390145;2012;7;31;2
Sierra 2500 Extended Cab;47329009371734899;166775;213;2.8651831987357217;2012;4;690;72
CLS-Class;76945193321073580;222743;215;3.907729385162689;2006;6;162;787
Concorde;90957321947366835;233571;242;2.0438938040098558;2001;6;904;435
Pathfinder;31384313142526732;129319;212;1.7475549507718906;2012;5;124;543
STS;31713005976829824;16563;208;2.299590167170994;2016;5;50;257
Impreza;45502656641005601;65882;271;3.6483451176827466;2010;6;634;765
tC;97490387681247040;243067;222;2.2994081064315752;2002;6;181;226
CX-5;95792080030479663;110676;197;1.555821989649826;2014;7;753;943
Colt Vista;22347721490315416;242732;230;1.8654641254274704;2010;7;183;526
1500 Regular Cab;88399225428679268;103587;227;3.05170082557766;2010;6;671;220
Wrangler;99701012022590267;244303;277;4.527205747210822;2017;4;777;718
600 SEL;62451806962433744;163780;279;4.333266375953865;2000;5;403;449
Sunfire;89476284671224031;238925;194;1.083279583691041;2007;6;170;309
Grand Vitara;45550137819781488;157832;263;3.1844703112440156;2002;5;48;853
Protege5;17763460582784882;195229;265;2.0587016172546053;2001;5;814;413
Grand Cherokee;99242563871254357;59496;273;3.611788342184478;2002;4;840;589
2500 Crew Cab;78781705483214712;215770;279;2.3221206682598057;2012;5;87;55
Legacy;17024024459609271;39713;195;2.8533417089804964;2016;4;820;567
Express 2500 Passenger;38931923348046496;48786;281;1.8351252808422913;2008;7;980;537
MR2;88034212483167791;227673;202;4.470262439908385;2005;7;989;942
Lancer;51352879769683954;26085;195;3.936076991891004;2002;4;25;2
Q70;46285184779780744;144729;238;4.967286075918498;2004;6;255;123
Sierra 1500 Crew Cab;02029522735207668;195267;273;1.300463849194001;2016;6;565;730
Q60;36932811132605111;97280;274;3.8037354436348814;2017;7;914;884
Impala;93249733073265540;111493;253;2.7740016448944718;2004;4;186;320
Silverado 1500 Regular Cab;93298993748691788;243673;181;4.404510753502514;2005;7;454;573
V90;38343256516362270;238106;269;1.9940537576084383;2018;5;651;861
F350 Crew Cab;74778766809333936;160659;282;1.0963477458942577;2013;6;205;806
Cayman;49834971495984902;224890;234;4.099028679475214;2010;4;346;857
Caravan Passenger;39548658823970476;143489;286;3.2139459426416206;2000;7;606;423
9000;52060351355351771;192921;278;4.324183976104242;2012;7;407;720
G;91704096671371451;115858;216;1.4853813032234426;2008;6;482;581
Tundra Regular Cab;59331207120598876;45299;246;3.480218266084359;2015;7;531;188
Ram 2500 Mega Cab;42230761467543390;57064;250;1.3135663524279195;2014;5;742;364
Legend;91748822747314458;147674;265;4.953538724770924;2006;7;850;119
X3;83688607011689413;205377;216;3.8414222068941704;2007;7;283;652
Silverado (Classic) 1500 Extended Cab;43079760293896868;140272;277;1.4601867938421496;2013;6;474;280
Quattroporte;76376040080472937;81586;276;4.00244494226047;2015;5;381;525
Telluride;63194514253699202;11860;281;1.324765515092877;2017;5;191;802
Colorado Regular Cab;37514899639180411;185285;183;4.051260536621459;2007;5;36;404
Express 2500 Passenger;92733330414007888;57999;222;1.8594820857174756;2010;5;765;504
Diamante;48677800772337756;97870;225;1.5537713710756251;2010;6;721;191
Avalon Hybrid;49039004402629280;34321;243;3.5738966094457436;2018;5;484;569
Silverado 1500 Crew Cab;70442246140742529;221671;274;1.4134258404327782;2017;7;376;700
Lumina Cargo;79294603432138743;208309;243;1.5487600335393088;2008;7;519;532
Sorento;67462144302373674;45326;207;1.4516171605793389;2005;7;826;320
Thunderbird;30065842112142110;23113;258;1.9946602170838097;2005;6;124;479
J;62411066034469263;172316;212;2.9293263975029835;2016;7;942;872
Yaris;92935093924556388;233451;221;4.2030781928118355;2011;5;958;261
M5;69021676911103127;96827;268;1.5085391057230595;2013;6;105;734
Aztek;64855911415417914;163444;280;1.3400018445542923;2013;7;228;602
Continental;70273338658403424;93909;213;1.3569123447121054;2009;7;671;76
X-Type;63133772463457513;199768;192;3.880550063490043;2014;7;474;40
S90;96672650520337215;75879;201;1.620777902408089;2016;6;559;864
LX;56307294226312938;38142;201;4.612153381196668;2003;5;678;976
D150 Club Cab;72689523745411383;112777;285;3.354852594086852;2014;4;225;127
Accord;82688239624101182;180452;195;1.923208159521812;2006;5;316;99
GTI;35012427506260082;103869;211;4.367683302234527;2002;7;730;58
3500 Extended Cab;21548728877135780;30369;219;1.3507997211269873;2004;5;318;462
Navigator L;87852488549824760;34253;202;1.8771614188717347;2013;4;546;432
Ram 2500 Quad Cab;69961056552384515;166935;221;1.1290211439640938;2013;4;503;734
Suburban 2500;44263691879176861;169750;226;1.6358165647475422;2011;7;51;17
SL-Class;54008585109344651;85630;211;2.1843071601542707;2012;4;244;652
57;30568934365988211;48285;282;1.2795008424439738;2012;7;435;230
Express 2500 Passenger;65917213459034191;89695;185;2.2340835452744483;2013;5;186;675
F350 Regular Cab;90938505944202299;56023;235;3.7783912766846774;2010;5;551;800
F350 Super Duty Crew Cab;00160088537969632;87533;224;4.68268457305763;2018;5;928;831
Trooper;21830794605347654;155419;215;4.319460870355192;2002;4;161;596
Suburban 1500;18803951355621359;119186;276;3.7103969565430965;2008;4;827;101
Dawn;20911823212379661;196579;193;3.9319967296139877;2007;4;320;253
Sprinter 2500 Crew;25874635696152906;115133;190;3.068808621591578;2009;5;930;980
Odyssey;64601102034696930;146295;194;1.9278929495052517;2000;5;349;348
Aurora;74023935616646729;222285;215;3.952271330372224;2001;4;509;600
GL-Class;55384082723217798;181168;279;3.5413176099162498;2004;4;535;769
Prowler;63977635253322943;162668;245;3.1320503925701195;2004;7;717;461
E-Class;98404520481076668;246093;286;1.0574393927006;2006;6;577;83
Express 3500 Cargo;99312445703613855;186489;185;2.8115825048229297;2018;4;695;686
3000GT;96796846410577750;174567;197;4.716575498263195;2010;6;430;596
3500 Extended Cab;24438329131601537;245587;255;2.700838391084911;2003;4;121;195
Hardtop;16463133405145028;72868;247;2.4878492122808193;2017;7;621;907
Vision;56675014349790180;143732;264;3.800883736395279;2001;5;117;397
H3;25465350443424487;227712;224;1.6399647057456073;2002;7;16;450
Lanos;77780295349209199;228929;247;4.632779686772107;2016;6;619;642
IS;45629713439546756;244006;269;4.41928662107998;2010;5;479;891
Express 3500 Cargo;13905204586289883;157207;198;2.095464532435032;2000;4;864;683
Silverado 1500 Crew Cab;95471574777925737;133495;201;2.427276288402193;2015;7;167;774
Element;45924318478447860;79088;274;2.2644971092791293;2016;6;227;586
Express 3500 Cargo;45915751170863016;120270;211;2.831643998293738;2000;7;84;166
CX-3;28461055630437770;118092;235;4.9381437236033525;2011;5;389;846
Accord Hybrid;52029735335506830;197199;251;1.4324451998478733;2005;6;47;351
Sprinter 2500 Crew;59329590847263978;173049;230;4.3286471114463225;2010;6;862;606
911;62169449868831810;230118;225;3.467122229457981;2017;6;208;129
Cougar;56637981479921069;193093;251;3.5412071832270393;2018;6;575;909
Corolla;41044189887353791;44727;184;1.9149629197832643;2017;4;576;917
Frontier Regular Cab;62584916773983623;46328;232;1.8025238257690783;2000;7;516;384
Tacoma Regular Cab;21694960639108645;27415;212;4.204192134124605;2006;4;613;260
Riviera;33975691724137748;164065;258;4.789265664994551;2000;7;839;278
S80;47303291286618949;245223;197;1.4175083561955417;2010;6;84;637
Q7;96959992362539204;119465;237;2.591563938269824;2002;6;136;742
Sierra 3500 Regular Cab;75089770345884832;75729;252;2.1941927208776093;2005;4;58;107
Sprinter 2500 Crew;93550748581613590;183867;248;4.013857561703289;2000;4;999;10
ProMaster Cargo Van;01041038834875686;205491;246;1.3570973567486404;2018;5;146;475
Outlander;53302544118076260;247160;290;3.056060305522391;2016;6;178;797
1500 Club Coupe;55008427854539815;173845;251;2.096845110264381;2011;6;742;217
Panamera;34424171784512914;42913;262;3.917149671627004;2004;5;144;82
Silverado 2500 HD Extended Cab;38766729123188208;214992;267;2.252464963176394;2018;7;446;165
Transit 350 Wagon;49275816349386987;113907;222;1.4027112571489893;2015;6;6;498
Metro;76862744449401068;108539;212;4.923393856258719;2005;6;247;751
Ram Van B250;35150375088963148;17655;246;4.339205615765406;2006;4;124;161
Skylark;39405855629019489;218900;265;2.0235195468464355;2005;5;836;314
Escalade EXT;56184660829611575;23635;206;2.1578785564354925;2008;7;900;858
i-MiEV;75594513661654404;210475;233;2.1545939086049937;2014;4;851;742
Camry;43313974385004813;148351;203;2.7149589660802813;2013;5;884;20
Transit 150 Wagon;64635719704881207;146747;200;2.220204826385959;2011;4;903;539
300;60550593989991750;24770;215;1.9311207644174377;2017;7;513;479
Gallardo;66435924907560586;181781;277;3.780041717127006;2003;7;97;416
Land Cruiser;32000382639254042;187197;289;3.217360436918567;2016;4;83;564
XTS;34376871785587828;66549;183;3.3896417474500584;2007;4;416;618
Sierra 3500 HD Extended Cab;44895742553066120;89305;250;2.8615605620425035;2004;7;599;917
S10 Extended Cab;62132726830428271;131356;282;2.742792402544578;2007;7;905;243
R8;09812372747121863;101212;182;3.021994023228857;2006;4;537;176
Accord;06695517892345744;105011;224;1.1326037271431213;2004;6;837;108
Convertible;16322487197808991;11473;270;1.742405350786584;2003;6;665;690
Mercedes-AMG CLS;38226540007334796;84648;227;2.7904603327664663;2007;7;126;506
S70;42377927581269197;198996;259;4.825747228256155;2010;7;762;773
Sierra 2500 Extended Cab;90034736237107137;152845;278;3.529790664150275;2002;4;494;237
RAV4;95061216530639005;49089;243;1.5280814686732236;2001;7;985;293
Pathfinder;42126146560114589;16978;189;2.727589134091335;2001;7;380;473
Durango;74842486519466824;207468;213;3.5623697252341517;2006;4;382;151
Thunderbird;26516787413271809;176618;214;2.392024345408059;2011;5;249;580
Firebird;95490355487797403;197291;270;4.021570023276045;2015;5;472;485
Eldorado;55133820292159848;124030;202;2.1650245836313196;2015;5;756;775
X3;35180529595842137;241581;242;3.1257559741109286;2006;5;560;967
Tundra CrewMax;95760937851512450;14264;262;1.1662841542671476;2005;6;499;796
5-Sep;39265056554212548;55999;243;1.6556021290840026;2010;6;501;286
D350 Club Cab;53160923283952517;67427;229;3.907128903612787;2012;5;907;300
Sentra;67635557993304470;67465;230;1.0998578235635939;2018;6;299;238
TLX;75458793433358553;134966;223;3.431904436607008;2006;5;304;414
Tahoe;91603238914786416;184382;280;4.45114697058318;2012;6;319;156
Savana 2500 Cargo;98436379882818765;89247;236;2.4980324543567622;2007;5;608;859
Expedition;19054813568046387;160738;219;2.1529361748929805;2010;6;141;162
Focus ST;51920823174344364;65148;224;4.561670277032768;2018;5;443;203
Express 3500 Cargo;86454388640915691;216715;267;3.94390699426206;2012;4;125;87
Continental;83297456736514276;70242;254;3.0374682054173636;2012;6;996;816
Econoline E350 Super Duty Passenger;46082616840236785;106251;258;1.289750711626536;2016;6;497;102
Focus ST;98300461254353810;49943;198;1.8030729886041228;2016;6;643;619
Sonoma Regular Cab;56308614936090241;111967;201;2.1071374963066085;2016;5;254;262
XC90;76782878553045821;50660;201;3.7007779717415947;2009;5;553;1001
Century;11377138184466003;239433;255;4.788522271409299;2003;6;614;193
Town & Country;84494603723991314;29124;274;2.564615720389831;2004;7;291;698
GTI;39644900243498308;137455;202;4.7653395190319845;2013;4;802;181
CR-V;32415563877224249;238219;262;4.38818246572492;2016;7;950;556
A6;29877438357699354;193958;273;3.558027590424565;2007;4;404;913
Armada;21790977761858884;91693;210;1.9279924410721168;2018;7;452;269
Town Car;62250547981638407;106506;224;4.148358327272645;2018;5;334;948
Previa;30157364498311341;60623;265;4.603384522684437;2016;5;504;584
Grand Vitara;62203412594220580;92461;184;1.2114541829382435;2015;7;782;935
164;52805959268564920;164444;183;2.2098188595204746;2009;4;286;363
Ram 3500 Regular Cab;42305018782769928;218155;251;1.6227209438255508;2004;4;950;374
cube;14263620320574100;156800;273;2.4596648719169805;2006;4;458;558
G90;13600383425689571;156374;194;3.0295592824568867;2002;6;217;266
ProMaster Window Van;63274310454053016;225878;282;4.0376395790762665;2009;4;858;590
Club Wagon;17006696926341700;187665;186;4.1500547206025225;2018;5;692;910
Santa Fe;21962934468997230;62788;215;4.266726869290196;2018;4;706;875
Optima;59735240759490391;78832;255;1.1122742530628957;2005;7;413;146
MX-6;88347458295195144;207152;187;1.5634324605115433;2017;7;592;312
M3;16694027344363068;45763;234;4.5439911001030495;2008;4;575;692
Grand Voyager;15971584208347215;136906;264;1.4843189897367353;2001;7;568;764
Versa;06475629149478387;130269;223;1.518483066650691;2010;4;641;303
Vandura 1500;39745961284030777;32010;233;1.6184236339272395;2006;6;914;32
NV3500 HD Cargo;02342111914942498;85285;185;3.795789882739036;2013;6;243;879
H1;60005313295596196;62631;191;2.530278142295773;2012;6;487;94
5 Series;44525703665613787;29006;290;2.999013088963739;2009;4;881;322
Express 2500 Passenger;56352312685094355;20456;198;3.223750603367343;2001;7;148;949
Tacoma Regular Cab;88520612519424785;209574;243;4.977889198726972;2012;4;300;917
Enclave;65603049364936613;63762;196;2.4525537283530587;2007;7;17;59
Econoline E350 Cargo;11748291349671118;230363;236;4.782383104072954;2007;6;266;243
Escalade EXT;38646998293598618;211292;282;4.531071075886889;2012;4;831;916
240SX;66312607435997907;67119;203;4.1931226268944695;2017;5;384;942
Legacy;38754061223536288;127257;196;3.171474043488168;2005;7;62;301
Durango;87667872324577299;225560;180;4.176855503780773;2002;4;363;784
Sierra 3500 HD Double Cab;07880968165001132;161303;213;2.2132391429412634;2017;7;534;997
LHS;73962051662256267;80251;251;3.7574427473077767;2015;7;820;628
Mustang;65092051924122637;216042;284;3.7930491654585174;2017;6;453;858
500L;66414711355997179;80988;246;1.9111028653128406;2003;4;224;340
Savana 2500 Cargo;77624128627197925;187417;290;4.18163380310768;2000;6;403;816
S-Type;46437847704599686;166129;279;4.436122678212141;2013;5;563;146
TrailBlazer;80369823097365177;129232;258;2.2119083197125984;2007;7;281;77
Savana 2500 Cargo;07704972985576224;211179;288;3.4815202937426073;2009;7;92;383
Suburban 2500;59470030617283715;131638;220;2.0195831011392;2017;6;859;784
CLK-Class;50224872951581682;93355;216;2.919273563768616;2017;4;176;361
M3;15114258937756755;223086;182;3.408201272093075;2004;4;901;107
Vibe;46943915056618236;49411;188;4.100763219593798;2001;7;172;272
Yaris iA;32863798933995142;16455;180;1.9339882352944464;2014;4;286;852
Colorado Extended Cab;36547806045977972;19322;266;3.480010295489597;2002;6;341;895
SC;10934036942750595;127876;199;4.570963238326861;2007;4;857;984
911;81671560793877970;23145;275;2.9157635162161326;2008;7;714;339
Titan Crew Cab;40446918217957785;221348;269;4.88477356536819;2005;5;933;29
1500 Quad Cab;63698472799836719;84461;270;4.882816745204114;2006;7;700;112
CLA;14425152091954061;164035;221;2.694980144920967;2010;7;133;668
Transit 150 Wagon;79001882770185889;81267;248;4.364263822430384;2004;5;435;211
Caravan Passenger;36476696480722897;159540;246;2.746448569753044;2010;7;88;837
G;81856264871493547;98863;288;4.0749698714761236;2014;5;707;5
Galant;84802676811738825;188009;276;2.9332591452387073;2012;7;113;758
Q5;68427300299040478;172129;236;1.9947651827785822;2002;7;405;296
Maxima;66878683965318693;128213;253;2.9121029224539603;2018;7;119;40
Dakota Quad Cab;11435531399747066;164670;249;4.1534111942088305;2017;5;861;679
X-Type;27398276944072286;133129;270;3.5590000837256692;2012;5;930;607
Patriot;80701436511931197;130373;203;1.7092140092329178;2012;5;285;924
Sprinter 2500 Crew;31638948737386089;75820;285;2.5549215629612587;2001;6;880;698
Nubira;34262330776829318;62663;237;1.9049395651339713;2004;5;821;616
Aventador;35921174021481210;70828;184;2.649620668612658;2013;5;75;955
Colorado Extended Cab;01745050706807446;57208;242;3.617424364453839;2013;5;254;117
Savana 3500 Cargo;50584339932203229;230565;215;4.406216969946523;2018;6;713;43
